iteration,"x[0,2]","x[0,4]","x[0,8]","x[0,9]","x[1,2]","x[1,5]","x[1,7]","x[1,8]","x[1,9]","x[2,0]","x[2,1]","x[2,4]","x[2,5]","x[2,6]","x[2,7]","x[2,8]","x[2,9]","x[3,1]","x[3,2]","x[3,4]","x[3,6]","x[3,7]","x[3,9]","x[4,0]","x[4,1]","x[4,2]","x[4,8]","x[4,9]","x[5,0]","x[5,1]","x[5,3]","x[5,6]","x[5,7]","x[6,0]","x[6,3]","x[6,7]","x[6,8]","x[7,1]","x[7,2]","x[7,3]","x[7,6]","x[7,8]","x[8,0]","x[8,1]","x[8,2]","x[8,3]","x[8,4]","x[8,5]","x[8,6]","x[8,7]","x[8,9]","x[9,2]","x[9,6]","x[9,7]"
0,0.0,0.0,0.0,0.0,0.0,0.0,0.0,0.0,0.0,0.0,0.0,0.0,0.0,0.0,0.0,0.0,0.0,0.0,0.0,0.0,0.0,0.0,0.0,0.0,0.0,0.0,0.0,0.0,0.0,0.0,0.0,0.0,0.0,0.0,0.0,0.0,0.0,0.0,0.0,0.0,0.0,0.0,0.0,0.0,0.0,0.0,0.0,0.0,0.0,0.0,0.0,0.0,0.0,0.0
1,0.0,0.0,0.0,0.0,0.05,0.7000000000000002,0.25,0.0,0.0,0.0,0.0,0.0,0.0,0.05,0.0,0.0,0.0,0.0,0.0,0.0,0.46,0.0,0.0,0.0,0.0,0.0,0.0,0.0,1.0000000000000002,0.0,0.5500000000000002,0.2,0.0,0.42,0.45,0.0,0.0,0.0,0.0,0.0,0.25,0.0,0.0,0.0,0.0,0.0,0.0,0.0,0.0,0.0,0.0,0.0,0.0,0.0
2,0.0,0.0,0.0,0.0,0.0,0.9000000000000001,0.05,0.0,0.05,0.0,0.0,0.0,0.0,0.0,0.0,0.0,0.0,0.0,0.0,0.0,0.42000000000000004,0.0,0.0,0.0,0.0,0.0,0.0,0.0,1.0000000000000002,0.0,0.56,0.44000000000000006,0.0,0.42,0.44000000000000006,0.0,0.0,0.0,0.0,0.0,0.05,0.0,0.0,0.0,0.0,0.0,0.0,0.0,0.0,0.0,0.0,0.0,0.05,0.0
3,0.0,0.0,0.0,0.0,0.0,0.9500000000000002,0.1,0.0,0.0,0.0,0.0,0.0,0.0,0.0,0.0,0.0,0.0,0.0,0.0,0.0,0.54,0.0,0.0,0.0,0.0,0.0,0.0,0.0,1.0000000000000002,0.0,0.63,0.32,0.0,0.42,0.37,0.0,0.0,0.0,0.0,0.0,0.1,0.0,0.0,0.0,0.0,0.0,0.0,0.0,0.0,0.0,0.0,0.0,0.0,0.0
4,0.0,0.0,0.0,0.0,0.05,0.9000000000000001,0.05,0.0,0.0,0.05,0.0,0.0,0.0,0.0,0.0,0.0,0.0,0.0,0.0,0.0,0.46,0.0,0.0,0.0,0.0,0.0,0.0,0.0,0.9100000000000001,0.0,0.6000000000000001,0.45000000000000007,0.0,0.46,0.4,0.0,0.0,0.0,0.0,0.0,0.05,0.0,0.0,0.0,0.0,0.0,0.0,0.0,0.0,0.0,0.0,0.0,0.0,0.0
5,0.0,0.0,0.0,0.0,0.05,0.9500000000000002,0.05,0.0,0.0,0.05,0.0,0.0,0.0,0.0,0.0,0.0,0.0,0.0,0.0,0.0,0.65,0.0,0.0,0.0,0.0,0.0,0.0,0.0,1.0000000000000002,0.0,0.7400000000000001,0.26,0.0,0.37,0.26,0.0,0.0,0.0,0.0,0.0,0.05,0.0,0.0,0.0,0.0,0.0,0.0,0.0,0.0,0.0,0.0,0.0,0.0,0.0
6,0.0,0.0,0.0,0.0,0.1,0.8,0.0,0.1,0.0,0.05,0.0,0.0,0.0,0.05,0.0,0.0,0.0,0.0,0.0,0.0,0.8600000000000002,0.0,0.0,0.0,0.0,0.0,0.0,0.0,1.0000000000000002,0.0,0.9500000000000002,0.05,0.0,0.27,0.05,0.0,0.0,0.0,0.0,0.0,0.0,0.0,0.1,0.0,0.0,0.0,0.0,0.0,0.0,0.0,0.0,0.0,0.0,0.0
7,0.0,0.0,0.0,0.0,0.0,1.0000000000000002,0.0,0.1,0.0,0.0,0.0,0.0,0.0,0.0,0.0,0.0,0.0,0.0,0.0,0.0,0.9100000000000003,0.0,0.0,0.0,0.0,0.0,0.0,0.0,1.0000000000000002,0.0,1.0000000000000002,0.05,0.0,0.32,0.0,0.0,0.0,0.0,0.0,0.0,0.0,0.0,0.1,0.0,0.0,0.0,0.0,0.0,0.0,0.0,0.0,0.0,0.0,0.0
8,0.0,0.0,0.0,0.0,0.05,0.9000000000000002,0.0,0.1,0.0,0.05,0.0,0.0,0.0,0.0,0.0,0.0,0.0,0.0,0.0,0.0,0.9600000000000002,0.0,0.0,0.0,0.0,0.0,0.0,0.0,1.0000000000000002,0.0,1.0000000000000002,0.0,0.0,0.32,0.0,0.0,0.0,0.0,0.0,0.0,0.0,0.0,0.05,0.0,0.0,0.05,0.0,0.0,0.0,0.0,0.0,0.0,0.0,0.0
9,0.0,0.0,0.0,0.0,0.02,0.68,0.05,0.25,0.05,0.02,0.0,0.0,0.0,0.0,0.0,0.0,0.0,0.0,0.0,0.0,0.8600000000000002,0.0,0.0,0.0,0.0,0.0,0.0,0.0,1.0000000000000002,0.0,1.0000000000000002,0.0,0.0,0.2,0.0,0.0,0.0,0.0,0.0,0.0,0.05,0.0,0.25,0.0,0.0,0.0,0.0,0.0,0.0,0.0,0.0,0.0,0.05,0.0
10,0.0,0.0,0.0,0.0,0.0,0.8300000000000001,0.05,0.12000000000000001,0.05,0.0,0.0,0.0,0.0,0.0,0.0,0.0,0.0,0.0,0.0,0.0,0.8600000000000002,0.0,0.0,0.0,0.0,0.0,0.0,0.0,0.9500000000000002,0.0,0.9800000000000002,0.05,0.0,0.32,0.0,0.0,0.0,0.0,0.0,0.0,0.05,0.0,0.1,0.0,0.0,0.02,0.0,0.0,0.0,0.0,0.0,0.0,0.05,0.0
11,0.0,0.0,0.0,0.0,0.0,0.9500000000000002,0.0,0.15000000000000002,0.0,0.0,0.0,0.0,0.0,0.0,0.0,0.0,0.0,0.0,0.0,0.0,0.9800000000000002,0.0,0.0,0.0,0.0,0.0,0.0,0.0,0.9800000000000002,0.0,1.0000000000000002,0.0,0.0,0.33999999999999997,0.0,0.0,0.0,0.0,0.0,0.0,0.0,0.0,0.1,0.0,0.0,0.05,0.0,0.0,0.0,0.0,0.0,0.0,0.0,0.0
12,0.0,0.0,0.0,0.0,0.1,0.8300000000000001,0.05,0.02,0.0,0.1,0.0,0.0,0.0,0.0,0.0,0.0,0.0,0.0,0.0,0.0,0.8100000000000002,0.0,0.0,0.0,0.0,0.0,0.0,0.0,0.9500000000000002,0.0,0.9800000000000002,0.1,0.0,0.37,0.0,0.0,0.0,0.0,0.0,0.0,0.05,0.0,0.0,0.0,0.0,0.02,0.0,0.0,0.0,0.0,0.0,0.0,0.0,0.0
13,0.0,0.0,0.0,0.0,0.0,0.7000000000000002,0.1,0.3,0.0,0.0,0.0,0.0,0.0,0.0,0.0,0.0,0.0,0.0,0.0,0.0,0.62,0.0,0.0,0.0,0.0,0.0,0.0,0.0,0.9600000000000002,0.0,1.0000000000000002,0.29000000000000004,0.0,0.16,0.0,0.0,0.0,0.0,0.0,0.05,0.05,0.0,0.3,0.0,0.0,0.0,0.0,0.0,0.0,0.0,0.0,0.0,0.0,0.0
14,0.0,0.0,0.0,0.0,0.07,0.7900000000000001,0.09000000000000001,0.1,0.0,0.07,0.0,0.0,0.0,0.02,0.0,0.0,0.0,0.0,0.0,0.0,0.48000000000000004,0.0,0.0,0.0,0.0,0.0,0.0,0.0,0.9300000000000002,0.0,1.0000000000000002,0.41000000000000003,0.0,0.41000000000000003,0.0,0.0,0.0,0.0,0.0,0.0,0.09000000000000001,0.0,0.1,0.0,0.0,0.0,0.0,0.0,0.0,0.0,0.0,0.0,0.0,0.0
15,0.0,0.0,0.0,0.0,0.25,0.7500000000000001,0.0,0.05,0.0,0.25,0.0,0.0,0.0,0.0,0.0,0.0,0.0,0.0,0.0,0.0,0.4,0.0,0.0,0.0,0.0,0.0,0.0,0.0,0.9500000000000002,0.0,1.0000000000000002,0.56,0.0,0.17,0.0,0.0,0.0,0.0,0.0,0.0,0.0,0.0,0.05,0.0,0.0,0.0,0.0,0.0,0.0,0.0,0.0,0.0,0.0,0.0
16,0.0,0.0,0.0,0.0,0.07,0.7800000000000001,0.0,0.05,0.1,0.07,0.0,0.0,0.0,0.05,0.0,0.0,0.0,0.0,0.0,0.0,0.49000000000000005,0.0,0.0,0.0,0.0,0.0,0.0,0.0,0.9300000000000002,0.0,1.0000000000000002,0.37000000000000005,0.0,0.37,0.0,0.0,0.0,0.0,0.0,0.0,0.0,0.0,0.0,0.0,0.0,0.05,0.0,0.0,0.0,0.0,0.0,0.0,0.1,0.0
17,0.0,0.0,0.0,0.0,0.05,0.8900000000000002,0.06,0.05,0.0,0.05,0.0,0.0,0.0,0.0,0.0,0.0,0.0,0.0,0.0,0.0,0.45,0.0,0.0,0.0,0.0,0.0,0.0,0.0,0.9400000000000002,0.0,1.0000000000000002,0.51,0.0,0.4,0.0,0.0,0.0,0.0,0.0,0.0,0.06,0.0,0.05,0.0,0.0,0.0,0.0,0.0,0.0,0.0,0.0,0.0,0.0,0.0
18,0.0,0.0,0.0,0.0,0.05,0.7500000000000001,0.05,0.25,0.0,0.05,0.0,0.0,0.0,0.0,0.0,0.0,0.0,0.0,0.0,0.0,0.48000000000000004,0.0,0.0,0.0,0.0,0.0,0.0,0.0,0.8800000000000002,0.0,0.9500000000000002,0.45000000000000007,0.0,0.29,0.0,0.0,0.0,0.0,0.0,0.0,0.05,0.0,0.2,0.0,0.0,0.05,0.0,0.0,0.0,0.0,0.0,0.0,0.0,0.0
19,0.0,0.0,0.0,0.0,0.0,0.7600000000000001,0.07,0.26999999999999996,0.0,0.0,0.0,0.0,0.0,0.0,0.0,0.0,0.0,0.0,0.0,0.0,0.3500000000000001,0.0,0.0,0.0,0.0,0.0,0.0,0.0,1.0000000000000002,0.0,1.0000000000000002,0.49000000000000005,0.0,0.41,0.0,0.0,0.0,0.0,0.0,0.05,0.02,0.0,0.15000000000000002,0.0,0.0,0.0,0.0,0.0,0.12,0.0,0.0,0.0,0.0,0.0
20,0.0,0.0,0.0,0.0,0.05,0.7600000000000001,0.14,0.07,0.0,0.05,0.0,0.0,0.0,0.0,0.0,0.0,0.0,0.0,0.0,0.0,0.6,0.0,0.0,0.0,0.0,0.0,0.0,0.0,1.0000000000000002,0.0,0.9800000000000002,0.24,0.0,0.37,0.0,0.0,0.0,0.0,0.0,0.02,0.12000000000000001,0.0,0.07,0.0,0.0,0.0,0.0,0.0,0.0,0.0,0.0,0.0,0.0,0.0
21,0.0,0.0,0.0,0.0,0.2,0.7400000000000001,0.11000000000000001,0.1,0.0,0.2,0.0,0.0,0.0,0.2,0.0,0.0,0.0,0.0,0.0,0.0,0.55,0.0,0.0,0.0,0.0,0.0,0.0,0.0,1.0000000000000002,0.0,0.9300000000000002,0.13999999999999999,0.0,0.23000000000000004,0.0,0.0,0.0,0.0,0.0,0.02,0.11000000000000001,0.0,0.05,0.0,0.0,0.05,0.0,0.0,0.0,0.0,0.0,0.0,0.0,0.0
22,0.0,0.0,0.0,0.0,0.07,0.8100000000000002,0.07,0.1,0.0,0.07,0.0,0.0,0.0,0.0,0.0,0.0,0.0,0.0,0.0,0.0,0.55,0.0,0.0,0.0,0.0,0.0,0.0,0.0,1.0000000000000002,0.0,1.0000000000000002,0.34,0.0,0.32,0.0,0.0,0.0,0.0,0.0,0.0,0.07,0.0,0.05,0.0,0.0,0.05,0.0,0.0,0.0,0.0,0.0,0.0,0.0,0.0
23,0.0,0.0,0.0,0.0,0.1,0.6500000000000001,0.05,0.25,0.0,0.1,0.0,0.0,0.0,0.0,0.0,0.0,0.0,0.0,0.0,0.0,0.61,0.0,0.0,0.0,0.0,0.0,0.0,0.0,0.9100000000000003,0.0,1.0000000000000002,0.36000000000000004,0.0,0.21000000000000002,0.0,0.0,0.0,0.0,0.0,0.0,0.05,0.0,0.25,0.0,0.0,0.0,0.0,0.0,0.0,0.0,0.0,0.0,0.0,0.0
24,0.0,0.0,0.0,0.0,0.05,0.7100000000000002,0.1,0.26,0.0,0.05,0.0,0.0,0.0,0.0,0.0,0.0,0.0,0.0,0.0,0.0,0.5,0.0,0.0,0.0,0.0,0.0,0.0,0.0,0.7400000000000002,0.08,0.9800000000000002,0.42000000000000004,0.0,0.51,0.0,0.0,0.0,0.0,0.0,0.0,0.1,0.0,0.24,0.0,0.0,0.02,0.0,0.0,0.0,0.0,0.0,0.0,0.0,0.0
25,0.0,0.0,0.0,0.0,0.0,0.42000000000000004,0.32,0.16,0.1,0.0,0.0,0.0,0.0,0.0,0.0,0.0,0.0,0.0,0.0,0.0,0.35000000000000003,0.0,0.0,0.0,0.0,0.0,0.0,0.0,0.62,0.05,0.9800000000000002,0.51,0.0,0.5000000000000001,0.0,0.0,0.0,0.0,0.0,0.0,0.32,0.0,0.09000000000000001,0.0,0.0,0.07,0.0,0.0,0.0,0.0,0.0,0.0,0.1,0.0
26,0.0,0.0,0.0,0.0,0.0,0.68,0.30000000000000004,0.12000000000000001,0.0,0.0,0.0,0.0,0.0,0.0,0.0,0.0,0.0,0.0,0.0,0.2,0.39000000000000007,0.0,0.0,0.2,0.0,0.0,0.0,0.0,0.7900000000000001,0.0,0.7900000000000001,0.38,0.0,0.56,0.04,0.0,0.0,0.0,0.0,0.16999999999999998,0.24999999999999997,0.0,0.12000000000000001,0.0,0.0,0.0,0.0,0.0,0.0,0.0,0.0,0.0,0.0,0.0
27,0.0,0.0,0.0,0.0,0.05,0.8600000000000002,0.09000000000000001,0.05,0.0,0.05,0.0,0.0,0.0,0.0,0.0,0.0,0.0,0.0,0.0,0.02,0.4,0.0,0.0,0.02,0.0,0.0,0.0,0.0,0.9400000000000002,0.0,0.6500000000000002,0.51,0.0,0.43000000000000005,0.33,0.0,0.0,0.0,0.0,0.02,0.09000000000000001,0.0,0.05,0.0,0.0,0.0,0.0,0.0,0.0,0.0,0.0,0.0,0.0,0.0
28,0.0,0.0,0.0,0.0,0.05,0.7500000000000001,0.0,0.25,0.0,0.05,0.0,0.0,0.0,0.0,0.0,0.0,0.0,0.0,0.0,0.0,0.44000000000000006,0.0,0.0,0.0,0.0,0.0,0.0,0.0,1.0000000000000002,0.0,0.4800000000000001,0.52,0.05,0.12000000000000001,0.47000000000000003,0.0,0.0,0.0,0.0,0.05,0.0,0.0,0.25,0.0,0.0,0.0,0.0,0.0,0.0,0.0,0.0,0.0,0.0,0.0
29,0.0,0.0,0.0,0.0,0.02,0.7400000000000001,0.12000000000000001,0.21999999999999997,0.0,0.02,0.0,0.0,0.0,0.02,0.0,0.0,0.0,0.0,0.0,0.0,0.44999999999999996,0.0,0.0,0.0,0.0,0.0,0.0,0.0,0.8600000000000002,0.0,0.31,0.5000000000000001,0.0,0.44,0.5700000000000001,0.0,0.0,0.0,0.0,0.12000000000000001,0.0,0.0,0.21999999999999997,0.0,0.0,0.0,0.0,0.0,0.05,0.0,0.0,0.0,0.0,0.0
30,0.0,0.0,0.0,0.0,0.0,0.7100000000000002,0.24,0.17,0.0,0.0,0.0,0.0,0.0,0.0,0.0,0.0,0.0,0.0,0.0,0.05,0.19,0.0,0.0,0.05,0.0,0.0,0.0,0.0,0.8600000000000002,0.0,0.24000000000000005,0.7200000000000002,0.0,0.54,0.7400000000000002,0.0,0.0,0.0,0.0,0.02,0.22000000000000003,0.0,0.12000000000000001,0.0,0.0,0.0,0.0,0.0,0.05,0.0,0.0,0.0,0.0,0.0
31,0.0,0.0,0.0,0.0,0.0,0.6900000000000001,0.29000000000000004,0.07,0.0,0.0,0.0,0.0,0.0,0.0,0.0,0.0,0.0,0.0,0.0,0.0,0.0,0.0,0.0,0.0,0.0,0.0,0.0,0.0,0.9300000000000002,0.0,0.1,0.7100000000000001,0.0,0.48000000000000004,0.9000000000000002,0.0,0.0,0.0,0.0,0.0,0.29000000000000004,0.0,0.0,0.0,0.0,0.0,0.0,0.0,0.07,0.0,0.0,0.0,0.0,0.0
32,0.0,0.0,0.0,0.0,0.27,0.64,0.20999999999999996,0.0,0.0,0.25,0.0,0.0,0.0,0.02,0.0,0.0,0.0,0.0,0.0,0.0,0.0,0.0,0.0,0.0,0.0,0.0,0.0,0.0,0.9400000000000002,0.0,0.04,0.7900000000000001,0.0,0.45,0.8400000000000002,0.0,0.0,0.0,0.0,0.12,0.20999999999999996,0.0,0.0,0.0,0.0,0.0,0.0,0.0,0.0,0.0,0.0,0.0,0.0,0.0
33,0.0,0.0,0.0,0.0,0.17,0.6900000000000001,0.14,0.05,0.0,0.17,0.0,0.0,0.0,0.0,0.0,0.0,0.0,0.0,0.0,0.0,0.0,0.0,0.0,0.0,0.0,0.0,0.0,0.0,0.9300000000000002,0.0,0.34,0.9300000000000002,0.0,0.37,0.61,0.0,0.0,0.0,0.0,0.0,0.14,0.0,0.0,0.0,0.0,0.05,0.0,0.0,0.0,0.0,0.0,0.0,0.0,0.0
34,0.0,0.0,0.0,0.0,0.1,0.7399999650038919,0.16000003476666397,0.05,0.0,0.05,0.0,0.0,0.0,0.05,0.0,0.0,0.0,0.0,0.0,0.25,0.0,0.0,0.0,0.25,0.0,0.0,0.0,0.0,0.9000000000000001,0.0,0.07000003476666396,0.8399999650041156,0.0,0.26,0.9299999650053674,0.0,0.0,0.0,0.0,0.0,0.16000003476666533,0.0,0.0,0.0,0.0,0.0,0.0,0.0,0.05,0.0,0.0,0.0,0.0,0.0
35,0.0,0.0,0.0,0.0,0.0,0.6600000000000001,0.17,0.27,0.0,0.0,0.0,0.0,0.0,0.0,0.0,0.0,0.0,0.0,0.0,0.02,0.0,0.0,0.0,0.02,0.0,0.0,0.0,0.0,1.0000000000000002,0.0,0.0,0.8900000000000001,0.0,0.21000000000000002,0.9800000000000002,0.0,0.0,0.0,0.0,0.02,0.17,0.0,0.25,0.0,0.0,0.0,0.0,0.0,0.02,0.0,0.0,0.0,0.0,0.0
36,0.0,0.0,0.0,0.0,0.0,0.7800000000000001,0.05,0.29,0.0,0.0,0.0,0.0,0.0,0.0,0.0,0.0,0.0,0.0,0.0,0.0,0.0,0.0,0.0,0.0,0.0,0.0,0.0,0.0,0.8800000000000002,0.0,0.0,0.9500000000000002,0.0,0.45,1.0000000000000002,0.0,0.0,0.0,0.0,0.0,0.05,0.0,0.29,0.0,0.0,0.0,0.0,0.0,0.0,0.0,0.0,0.0,0.0,0.0
37,0.0,0.0,0.0,0.0,0.0,0.6900000000000002,0.07,0.34,0.0,0.0,0.0,0.0,0.0,0.0,0.0,0.0,0.0,0.0,0.0,0.05,0.0,0.0,0.0,0.05,0.0,0.0,0.0,0.0,0.6500000000000001,0.08,0.07,0.9300000000000002,0.0,0.6100000000000002,0.9100000000000003,0.0,0.0,0.0,0.0,0.0,0.07,0.0,0.27,0.0,0.0,0.02,0.05,0.0,0.0,0.0,0.0,0.0,0.0,0.0
38,0.0,0.0,0.0,0.0,0.02,0.5,0.02,0.38,0.1,0.02,0.0,0.0,0.0,0.0,0.0,0.0,0.0,0.0,0.0,0.05,0.0,0.0,0.0,0.05,0.0,0.0,0.0,0.0,0.9100000000000001,0.0,0.02,0.5900000000000001,0.0,0.41000000000000003,0.9400000000000002,0.0,0.0,0.0,0.0,0.0,0.02,0.0,0.22,0.0,0.0,0.04,0.0,0.0,0.32,0.0,0.0,0.0,0.1,0.0
39,0.0,0.0,0.05,0.0,0.05,0.7200000000000001,0.09000000000000001,0.29000000000000004,0.0,0.0,0.0,0.0,0.0,0.05,0.0,0.0,0.0,0.0,0.0,0.0,0.0,0.0,0.0,0.0,0.0,0.0,0.0,0.0,1.0000000000000002,0.02,0.05,0.7200000000000001,0.0,0.33000000000000007,0.9500000000000002,0.0,0.0,0.0,0.0,0.0,0.09000000000000001,0.0,0.2,0.0,0.0,0.0,0.0,0.0,0.14,0.0,0.0,0.0,0.0,0.0
40,0.0,0.0,0.0,0.0,0.25,0.6000000000000001,0.05,0.17,0.0,0.25,0.0,0.0,0.0,0.0,0.0,0.0,0.0,0.0,0.0,0.0,0.0,0.0,0.0,0.0,0.0,0.0,0.0,0.0,0.8300000000000003,0.0,0.0,0.9000000000000002,0.08,0.32,0.9500000000000002,0.0,0.0,0.0,0.0,0.05,0.08,0.0,0.17,0.0,0.0,0.0,0.0,0.0,0.02,0.0,0.0,0.0,0.0,0.0
41,0.0,0.0,0.0,0.0,0.17,0.79,0.1,0.04,0.0,0.17,0.0,0.0,0.0,0.0,0.0,0.0,0.0,0.0,0.0,0.0,0.0,0.0,0.0,0.0,0.0,0.0,0.0,0.0,0.9600000000000002,0.0,0.0,0.9000000000000001,0.0,0.29,1.0000000000000002,0.0,0.0,0.0,0.0,0.0,0.1,0.0,0.04,0.0,0.0,0.0,0.0,0.0,0.0,0.0,0.0,0.0,0.0,0.0
42,0.0,0.0,0.0,0.0,0.16999999999999998,0.8600000000000002,0.02,0.05,0.0,0.05,0.0,0.0,0.0,0.12,0.0,0.0,0.0,0.0,0.0,0.2,0.0,0.0,0.0,0.25,0.0,0.0,0.0,0.0,1.0000000000000002,0.0,0.0,0.8600000000000002,0.0,0.24,1.0000000000000002,0.0,0.0,0.0,0.0,0.0,0.02,0.0,0.0,0.0,0.0,0.0,0.05,0.0,0.0,0.0,0.0,0.0,0.0,0.0
43,0.0,0.0,0.0,0.0,0.05,0.9300000000000002,0.05,0.02,0.0,0.05,0.0,0.0,0.0,0.0,0.0,0.0,0.0,0.0,0.0,0.07,0.0,0.0,0.0,0.07,0.0,0.0,0.0,0.0,0.9800000000000002,0.0,0.0,0.9500000000000002,0.0,0.32,1.0000000000000002,0.0,0.0,0.0,0.0,0.0,0.05,0.0,0.02,0.0,0.0,0.0,0.0,0.0,0.0,0.0,0.0,0.0,0.0,0.0
44,0.0,0.0,0.0,0.0,0.05,0.61,0.14,0.3,0.0,0.05,0.0,0.0,0.0,0.0,0.0,0.0,0.0,0.0,0.0,0.05,0.05,0.0,0.0,0.05,0.0,0.0,0.0,0.0,0.8300000000000002,0.0,0.0,0.9300000000000002,0.0,0.43000000000000005,0.9500000000000002,0.0,0.0,0.0,0.0,0.05,0.09000000000000001,0.0,0.3,0.0,0.0,0.0,0.0,0.0,0.0,0.0,0.0,0.0,0.0,0.0
45,0.0,0.0,0.0,0.0,0.02,0.41000000000000003,0.31000000000000005,0.38,0.0,0.02,0.0,0.0,0.0,0.0,0.0,0.0,0.0,0.0,0.0,0.0,0.05,0.0,0.0,0.0,0.0,0.0,0.0,0.0,0.6000000000000001,0.0,0.12000000000000001,0.8600000000000002,0.0,0.4900000000000001,0.8600000000000002,0.0,0.0,0.0,0.0,0.0,0.31000000000000005,0.0,0.36,0.0,0.0,0.02,0.0,0.0,0.0,0.0,0.0,0.0,0.0,0.0
46,0.0,0.0,0.0,0.0,0.09000000000000001,0.5000000000000001,0.2,0.18000000000000002,0.1,0.09000000000000001,0.0,0.0,0.0,0.0,0.0,0.0,0.0,0.0,0.0,0.0,0.0,0.08,0.0,0.0,0.0,0.0,0.0,0.0,0.7700000000000001,0.0,0.1,0.7800000000000002,0.0,0.68,0.8300000000000003,0.0,0.0,0.0,0.0,0.0,0.2,0.0,0.11,0.0,0.0,0.07,0.0,0.0,0.0,0.0,0.0,0.0,0.1,0.0
47,0.0,0.0,0.0,0.0,0.0,0.49000000000000005,0.28,0.33,0.0,0.0,0.0,0.0,0.0,0.0,0.0,0.0,0.0,0.0,0.0,0.0,0.2,0.0,0.0,0.0,0.0,0.0,0.0,0.0,0.9600000000000002,0.0,0.34,0.5700000000000001,0.0,0.52,0.49,0.0,0.0,0.0,0.0,0.16999999999999998,0.23,0.0,0.33,0.0,0.0,0.0,0.0,0.0,0.0,0.0,0.0,0.0,0.0,0.0
48,0.0,0.0,0.0,0.0,0.05,0.52,0.25,0.35000000000000003,0.0,0.0,0.0,0.0,0.0,0.05,0.0,0.0,0.0,0.0,0.0,0.05,0.02,0.0,0.0,0.05,0.0,0.0,0.0,0.0,0.7900000000000001,0.02,0.4,0.63,0.0,0.6000000000000001,0.5800000000000001,0.0,0.02,0.0,0.0,0.02,0.25,0.0,0.3,0.0,0.0,0.0,0.0,0.0,0.05,0.0,0.0,0.0,0.0,0.0
49,0.0,0.0,0.0,0.0,0.05,0.54,0.27,0.19,0.0,0.05,0.0,0.0,0.0,0.0,0.0,0.0,0.0,0.0,0.0,0.05,0.02,0.05,0.0,0.05,0.0,0.0,0.0,0.0,0.63,0.0,0.53,0.8900000000000002,0.0,0.56,0.47,0.0,0.0,0.0,0.0,0.0,0.27,0.0,0.12000000000000001,0.0,0.0,0.0,0.05,0.0,0.02,0.0,0.0,0.0,0.0,0.0
50,0.0,0.0,0.0,0.0,0.1,0.5900000000000001,0.24000000000000002,0.14,0.0,0.3,0.0,0.0,0.0,0.0,0.0,0.0,0.0,0.0,0.2,0.0,0.05,0.0,0.0,0.0,0.0,0.0,0.0,0.0,0.7900000000000001,0.0,0.49,0.6800000000000002,0.08,0.42000000000000004,0.51,0.0,0.0,0.0,0.0,0.0,0.32,0.0,0.14,0.0,0.0,0.0,0.0,0.0,0.0,0.0,0.0,0.0,0.0,0.0
51,0.0,0.0,0.0,0.0,0.22,0.5700000000000001,0.20999999999999996,0.1,0.05,0.22,0.0,0.0,0.0,0.2,0.0,0.0,0.0,0.0,0.0,0.0,0.0,0.0,0.0,0.0,0.0,0.0,0.0,0.0,0.9100000000000003,0.0,0.51,0.56,0.0,0.38,0.37,0.0,0.0,0.0,0.0,0.12,0.20999999999999996,0.0,0.1,0.0,0.0,0.0,0.0,0.0,0.0,0.0,0.0,0.0,0.05,0.0
52,0.0,0.0,0.0,0.0,0.19,0.55,0.33,0.0,0.0,0.1,0.0,0.0,0.0,0.14,0.0,0.0,0.0,0.08,0.05,0.0,0.05,0.0,0.0,0.0,0.0,0.0,0.0,0.0,0.9500000000000002,0.0,0.48000000000000004,0.51,0.0,0.5200000000000001,0.5000000000000001,0.0,0.0,0.0,0.05,0.02,0.26,0.0,0.0,0.0,0.0,0.0,0.0,0.0,0.0,0.0,0.0,0.0,0.0,0.0
53,0.0,0.0,0.0,0.0,0.21999999999999997,0.51,0.32,0.0,0.0,0.21999999999999997,0.0,0.0,0.0,0.05,0.0,0.0,0.0,0.0,0.0,0.0,0.0,0.0,0.0,0.0,0.0,0.0,0.0,0.0,0.8300000000000002,0.0,0.5200000000000001,0.61,0.0,0.66,0.48000000000000004,0.0,0.0,0.0,0.0,0.0,0.32,0.0,0.0,0.0,0.0,0.0,0.0,0.0,0.0,0.0,0.0,0.0,0.0,0.0
54,0.0,0.0,0.0,0.0,0.29000000000000004,0.49,0.30000000000000004,0.02,0.0,0.19,0.0,0.0,0.0,0.1,0.0,0.0,0.0,0.05,0.1,0.0,0.15999999999999998,0.0,0.0,0.0,0.0,0.0,0.0,0.0,0.8500000000000002,0.05,0.48,0.46,0.0,0.5800000000000002,0.5000000000000001,0.0,0.0,0.0,0.0,0.02,0.30000000000000004,0.0,0.0,0.0,0.0,0.0,0.0,0.0,0.02,0.0,0.0,0.0,0.0,0.0
55,0.0,0.0,0.0,0.0,0.05,0.39,0.16,0.42,0.05,0.0,0.0,0.0,0.0,0.05,0.0,0.0,0.0,0.0,0.0,0.0,0.07,0.0,0.0,0.0,0.0,0.0,0.0,0.0,0.9300000000000002,0.0,0.55,0.38,0.0,0.4600000000000001,0.45000000000000007,0.0,0.0,0.0,0.0,0.0,0.16,0.0,0.3,0.0,0.0,0.0,0.0,0.0,0.32,0.0,0.0,0.0,0.05,0.0
56,0.0,0.0,0.0,0.0,0.02,0.6300000000000001,0.17,0.3,0.0,0.02,0.0,0.0,0.0,0.0,0.0,0.0,0.0,0.0,0.0,0.2,0.15000000000000002,0.0,0.0,0.2,0.0,0.0,0.0,0.0,0.8900000000000001,0.0,0.4,0.6200000000000001,0.0,0.4,0.5800000000000001,0.0,0.0,0.0,0.0,0.0,0.17,0.0,0.18,0.0,0.0,0.02,0.0,0.0,0.1,0.0,0.0,0.0,0.0,0.0
57,0.0,0.0,0.0,0.0,0.0,0.9300000000000002,0.05,0.17,0.0,0.0,0.0,0.0,0.0,0.0,0.0,0.0,0.0,0.0,0.0,0.05,0.31000000000000005,0.0,0.0,0.1,0.0,0.0,0.0,0.0,0.9800000000000002,0.0,0.48,0.7100000000000001,0.0,0.29000000000000004,0.4700000000000001,0.0,0.0,0.0,0.0,0.0,0.05,0.0,0.07,0.0,0.0,0.05,0.05,0.0,0.0,0.0,0.0,0.0,0.0,0.0
58,0.0,0.0,0.05,0.0,0.0,0.7500000000000002,0.05,0.25,0.05,0.0,0.0,0.0,0.0,0.0,0.0,0.0,0.0,0.0,0.0,0.02,0.26,0.0,0.0,0.02,0.0,0.0,0.0,0.0,0.9800000000000002,0.0,0.27,0.6900000000000002,0.0,0.30000000000000004,0.63,0.0,0.0,0.0,0.0,0.05,0.0,0.0,0.2,0.0,0.0,0.05,0.0,0.0,0.0,0.0,0.0,0.0,0.05,0.0
59,0.0,0.0,0.08,0.0,0.04,0.6900000000000002,0.12,0.32,0.0,0.0,0.0,0.0,0.0,0.04,0.0,0.0,0.0,0.0,0.02,0.0,0.17,0.0,0.0,0.0,0.0,0.0,0.0,0.0,0.9300000000000002,0.0,0.17,0.5900000000000001,0.0,0.48000000000000004,0.6900000000000001,0.0,0.0,0.0,0.0,0.12,0.12,0.0,0.24,0.0,0.0,0.02,0.0,0.0,0.08,0.0,0.0,0.0,0.0,0.0
60,0.0,0.0,0.0,0.0,0.05,0.33,0.34,0.32000000000000006,0.0,0.25,0.0,0.0,0.0,0.0,0.0,0.0,0.0,0.0,0.0,0.05,0.0,0.0,0.0,0.05,0.0,0.0,0.0,0.0,0.7600000000000002,0.0,0.4,0.62,0.0,0.55,0.5600000000000002,0.0,0.02,0.0,0.2,0.0,0.34,0.0,0.26,0.0,0.0,0.04,0.0,0.0,0.04,0.0,0.0,0.0,0.0,0.0
61,0.0,0.0,0.0,0.0,0.15000000000000002,0.53,0.24,0.18,0.07,0.1,0.0,0.05,0.0,0.0,0.0,0.0,0.0,0.0,0.0,0.05,0.16,0.0,0.0,0.05,0.0,0.0,0.0,0.0,0.8500000000000002,0.05,0.4600000000000001,0.53,0.0,0.4600000000000001,0.54,0.0,0.0,0.0,0.0,0.0,0.24,0.0,0.18,0.0,0.0,0.0,0.0,0.0,0.0,0.0,0.0,0.0,0.07,0.0
62,0.0,0.0,0.0,0.0,0.07,0.6,0.18,0.25,0.0,0.07,0.0,0.0,0.0,0.0,0.0,0.0,0.0,0.0,0.0,0.0,0.3,0.0,0.0,0.0,0.0,0.0,0.0,0.0,0.9500000000000002,0.02,0.52,0.5700000000000001,0.0,0.46,0.43000000000000005,0.0,0.0,0.0,0.0,0.05,0.13,0.0,0.25,0.0,0.0,0.0,0.0,0.0,0.0,0.0,0.0,0.0,0.0,0.0
63,0.0,0.0,0.0,0.0,0.12,0.6,0.09000000000000001,0.21000000000000002,0.05,0.0,0.0,0.0,0.0,0.12,0.0,0.0,0.0,0.0,0.0,0.0,0.21000000000000002,0.0,0.0,0.0,0.0,0.0,0.0,0.0,0.9600000000000002,0.0,0.39000000000000007,0.51,0.0,0.5,0.54,0.0,0.0,0.0,0.0,0.0,0.09000000000000001,0.0,0.19,0.0,0.0,0.07,0.0,0.0,0.0,0.0,0.0,0.0,0.05,0.0
64,0.0,0.0,0.0,0.0,0.12000000000000001,0.43000000000000005,0.3,0.22000000000000003,0.0,0.05,0.0,0.0,0.0,0.07,0.0,0.0,0.0,0.0,0.0,0.0,0.17,0.0,0.0,0.0,0.0,0.0,0.0,0.0,0.63,0.0,0.51,0.6700000000000002,0.0,0.7500000000000001,0.49,0.0,0.0,0.0,0.0,0.0,0.3,0.0,0.17,0.0,0.0,0.0,0.0,0.0,0.05,0.0,0.0,0.0,0.0,0.0
65,0.0,0.0,0.0,0.0,0.02,0.56,0.19,0.3,0.0,0.0,0.0,0.0,0.0,0.02,0.0,0.0,0.0,0.0,0.0,0.0,0.09000000000000001,0.0,0.0,0.0,0.0,0.0,0.0,0.0,0.55,0.08,0.42,0.8200000000000002,0.0,0.9100000000000003,0.56,0.0,0.0,0.0,0.0,0.0,0.19,0.0,0.27999999999999997,0.0,0.0,0.02,0.0,0.0,0.0,0.0,0.0,0.0,0.0,0.0
66,0.0,0.0,0.0,0.0,0.07,0.35,0.18999999999999997,0.51,0.0,0.07,0.0,0.0,0.0,0.0,0.0,0.0,0.0,0.0,0.0,0.05,0.22,0.0,0.0,0.05,0.0,0.0,0.0,0.0,0.7500000000000001,0.0,0.37,0.52,0.0,0.63,0.30999999999999994,0.0,0.0,0.0,0.0,0.12,0.18999999999999997,0.0,0.46,0.0,0.0,0.2,0.0,0.0,0.05,0.0,0.0,0.0,0.0,0.0
67,0.0,0.0,0.0,0.0,0.05,0.21000000000000002,0.43000000000000005,0.5499999999999999,0.0,0.05,0.0,0.0,0.0,0.0,0.0,0.0,0.0,0.0,0.0,0.0,0.16000000000000003,0.02,0.0,0.0,0.0,0.0,0.0,0.0,0.54,0.0,0.37000000000000005,0.7500000000000001,0.0,0.6500000000000001,0.26,0.0,0.0,0.0,0.0,0.07,0.36000000000000004,0.0,0.43000000000000005,0.0,0.0,0.30000000000000004,0.0,0.0,0.0,0.0,0.0,0.0,0.0,0.0
68,0.0,0.0,0.0,0.0,0.05,0.24,0.28,0.5000000000000001,0.0,0.0,0.0,0.0,0.0,0.05,0.0,0.0,0.0,0.0,0.0,0.0,0.12,0.13,0.0,0.0,0.0,0.0,0.0,0.0,0.8000000000000002,0.0,0.41000000000000003,0.42000000000000004,0.0,0.48000000000000004,0.5000000000000001,0.0,0.0,0.0,0.0,0.0,0.28,0.0,0.43000000000000005,0.0,0.0,0.09000000000000001,0.0,0.0,0.2,0.0,0.0,0.0,0.0,0.0
69,0.0,0.0,0.0,0.0,0.0,0.53,0.24,0.32,0.0,0.0,0.0,0.0,0.0,0.0,0.0,0.0,0.0,0.0,0.0,0.0,0.07,0.05,0.0,0.0,0.0,0.0,0.0,0.0,0.8300000000000002,0.0,0.55,0.65,0.0,0.6100000000000001,0.41000000000000003,0.0,0.0,0.0,0.0,0.0,0.24,0.0,0.28,0.0,0.0,0.04,0.0,0.0,0.02,0.0,0.0,0.0,0.0,0.0
70,0.0,0.0,0.0,0.0,0.02,0.8400000000000002,0.07,0.29000000000000004,0.0,0.02,0.0,0.0,0.0,0.0,0.0,0.0,0.0,0.0,0.0,0.0,0.15000000000000002,0.0,0.0,0.0,0.0,0.0,0.0,0.0,0.7900000000000003,0.0,0.4,0.8400000000000002,0.0,0.6000000000000001,0.6000000000000001,0.0,0.0,0.0,0.0,0.0,0.07,0.0,0.29000000000000004,0.0,0.0,0.0,0.0,0.0,0.0,0.0,0.0,0.0,0.0,0.0
71,0.0,0.0,0.0,0.0,0.2,0.56,0.0,0.14,0.1,0.2,0.0,0.0,0.0,0.2,0.0,0.0,0.0,0.0,0.0,0.0,0.14,0.0,0.0,0.0,0.0,0.0,0.0,0.0,0.8300000000000002,0.0,0.44,0.61,0.0,0.31,0.54,0.0,0.0,0.0,0.0,0.0,0.0,0.0,0.12000000000000001,0.0,0.0,0.02,0.0,0.0,0.0,0.0,0.0,0.0,0.1,0.0
72,0.0,0.0,0.0,0.0,0.14,0.6900000000000001,0.0,0.22,0.0,0.12000000000000001,0.0,0.0,0.0,0.02,0.0,0.0,0.0,0.0,0.0,0.05,0.12000000000000001,0.0,0.0,0.05,0.0,0.0,0.0,0.0,0.9300000000000002,0.0,0.4000000000000001,0.7200000000000002,0.0,0.43,0.6000000000000001,0.0,0.0,0.0,0.0,0.0,0.0,0.0,0.0,0.0,0.0,0.05,0.05,0.0,0.12,0.0,0.0,0.0,0.0,0.0
73,0.0,0.0,0.02,0.0,0.22000000000000003,0.49,0.07,0.27,0.0,0.17,0.0,0.0,0.0,0.05,0.0,0.0,0.0,0.0,0.13,0.0,0.0,0.0,0.0,0.0,0.0,0.0,0.0,0.0,0.9000000000000002,0.0,0.28,0.7900000000000001,0.0,0.43000000000000005,0.7200000000000002,0.0,0.0,0.0,0.0,0.0,0.07,0.0,0.2,0.0,0.0,0.0,0.0,0.0,0.07,0.0,0.0,0.0,0.0,0.0
74,0.0,0.0,0.0,0.0,0.16999999999999998,0.6699999940913149,0.0,0.28000000584273765,0.0,0.17000000131219448,0.0,0.0,0.0,0.0,0.0,0.0,0.0,0.0,0.0,0.0,0.2,0.0,0.0,0.0,0.0,0.0,0.0,0.0,0.5699999986220277,0.0,0.37,0.9299999968491325,0.0,0.5000000013121945,0.6299999993005131,0.0,0.0,0.0,0.0,0.0,0.0,0.0,0.21000000308501543,0.0,0.0,6.337070946079518e-10,0.0,0.0,0.07,0.0,0.0,0.0,0.0,0.0
75,0.0,0.0,0.08,0.0,0.07,0.7400000000000002,0.05,0.32999999999999996,0.0,0.0,0.0,0.0,0.0,0.07,0.0,0.0,0.0,0.0,0.0,0.2,0.16,0.0,0.0,0.2,0.0,0.0,0.0,0.0,0.7000000000000001,0.0,0.28,0.8000000000000003,0.0,0.5700000000000001,0.6500000000000001,0.0,0.0,0.0,0.0,0.0,0.05,0.0,0.18,0.0,0.0,0.07,0.0,0.0,0.08,0.0,0.0,0.0,0.0,0.0
76,0.0,0.0,0.0,0.0,0.14,0.66,0.05,0.1,0.05,0.07,0.0,0.0,0.0,0.07,0.0,0.0,0.0,0.0,0.0,0.0,0.0,0.0,0.0,0.0,0.0,0.0,0.0,0.0,0.9100000000000001,0.0,0.15,0.8100000000000002,0.0,0.65,0.8500000000000002,0.0,0.0,0.0,0.0,0.0,0.05,0.0,0.1,0.0,0.0,0.0,0.0,0.0,0.0,0.0,0.0,0.0,0.05,0.0
77,0.0,0.0,0.0,0.0,0.16000000000000003,0.55,0.27,0.13999999999999999,0.0,0.1,0.0,0.0,0.0,0.11,0.0,0.0,0.0,0.0,0.0,0.0,0.05,0.0,0.0,0.0,0.0,0.0,0.0,0.0,0.6800000000000002,0.0,0.0,0.8200000000000001,0.0,0.45999999999999996,0.9500000000000002,0.0,0.02,0.0,0.0,0.05,0.22,0.0,0.13999999999999999,0.0,0.0,0.0,0.0,0.0,0.0,0.0,0.0,0.0,0.0,0.0
78,0.0,0.0,0.0,0.0,0.27,0.5700000000000001,0.3,0.2,0.0,0.3,0.0,0.0,0.0,0.22,0.0,0.0,0.0,0.0,0.05,0.0,0.0,0.0,0.0,0.0,0.0,0.0,0.0,0.0,0.7600000000000002,0.0,0.05,0.4900000000000001,0.1,0.4900000000000001,0.9000000000000001,0.0,0.0,0.0,0.0,0.05,0.33,0.0,0.2,0.0,0.0,0.0,0.0,0.0,0.0,0.0,0.0,0.0,0.0,0.0
79,0.0,0.0,0.0,0.0,0.22999999999999998,0.34,0.33,0.27,0.0,0.04,0.0,0.0,0.0,0.20999999999999996,0.0,0.0,0.0,0.0,0.0,0.0,0.0,0.0,0.0,0.0,0.0,0.0,0.0,0.0,0.9800000000000002,0.0,0.17,0.26,0.05,0.45,0.8300000000000002,0.0,0.0,0.0,0.0,0.0,0.33,0.0,0.27,0.0,0.0,0.0,0.0,0.0,0.2,0.0,0.0,0.0,0.0,0.0
80,0.0,0.0,0.05,0.0,0.02,0.5,0.31000000482463697,0.2699999951102189,0.0,0.0,0.0,0.0,0.0,0.02,0.0,0.0,0.0,0.0,0.0,0.0,0.1,0.0,0.0,0.0,0.0,0.0,0.0,0.0,0.9300000000000002,0.0,0.16999999999999998,0.55,0.02,0.5000000000000001,0.7800000000000001,0.0,0.0,0.0,0.0,0.0,0.31,0.0,0.1699999951100118,0.0,0.0,0.05,0.0,0.0,0.1,0.0,0.0,0.0,0.0,0.0
81,0.0,0.0,0.0,0.0,0.05,0.51,0.33999999999999997,0.15,0.0,0.0,0.0,0.0,0.0,0.05,0.0,0.0,0.0,0.0,0.0,0.0,0.0,0.0,0.0,0.0,0.0,0.0,0.0,0.0,0.7600000000000001,0.0,0.24,0.7700000000000001,0.0,0.7200000000000001,0.64,0.0,0.0,0.0,0.0,0.12,0.33999999999999997,0.0,0.11,0.0,0.0,0.0,0.0,0.0,0.04,0.0,0.0,0.0,0.0,0.0
82,0.08,0.0,0.0,0.0,0.08,0.38,0.28,0.30000000000000004,0.05,0.0,0.0,0.0,0.0,0.08,0.0,0.0,0.0,0.0,0.0,0.05,0.02,0.0,0.0,0.05,0.0,0.0,0.0,0.0,0.67,0.0,0.31,0.7100000000000002,0.0,0.9300000000000002,0.67,0.0,0.0,0.0,0.0,0.0,0.28,0.0,0.28,0.0,0.0,0.02,0.0,0.0,0.0,0.0,0.0,0.0,0.05,0.0
83,0.0,0.0,0.0,0.0,0.0,0.51,0.14,0.47000000000000003,0.0,0.0,0.0,0.0,0.0,0.0,0.0,0.0,0.0,0.08,0.0,0.0,0.25,0.0,0.0,0.0,0.0,0.0,0.0,0.0,0.7600000000000002,0.0,0.22000000000000003,0.57,0.0,0.5800000000000001,0.53,0.0,0.0,0.0,0.0,0.0,0.14,0.0,0.47000000000000003,0.0,0.0,0.25,0.0,0.0,0.0,0.0,0.0,0.0,0.0,0.0
84,0.0,0.0,0.0,0.0,0.0,0.59,0.12000000000000001,0.44,0.07,0.0,0.0,0.0,0.0,0.0,0.0,0.0,0.0,0.0,0.0,0.0,0.09000000000000001,0.0,0.0,0.0,0.0,0.0,0.0,0.0,0.7000000000000001,0.0,0.34,0.7200000000000001,0.0,0.6200000000000001,0.64,0.0,0.0,0.0,0.0,0.0,0.12000000000000001,0.02,0.44,0.0,0.0,0.02,0.0,0.0,0.0,0.0,0.0,0.0,0.07,0.0
85,0.0,0.0,0.0,0.0,0.05,0.56,0.0,0.43000000000000005,0.05,0.0,0.0,0.0,0.0,0.05,0.0,0.0,0.0,0.0,0.0,0.0,0.0,0.0,0.0,0.0,0.0,0.0,0.0,0.0,0.7900000000000001,0.0,0.39,0.9300000000000002,0.0,0.4600000000000001,0.5700000000000001,0.0,0.0,0.0,0.0,0.0,0.0,0.0,0.41000000000000003,0.0,0.0,0.04,0.0,0.0,0.0,0.0,0.0,0.0,0.05,0.0
86,0.0,0.0,0.0,0.0,0.0,0.7100000000000002,0.0,0.41000000000000003,0.0,0.0,0.0,0.0,0.0,0.0,0.0,0.0,0.0,0.0,0.0,0.0,0.0,0.0,0.0,0.0,0.0,0.0,0.0,0.0,0.8600000000000002,0.0,0.25,0.9800000000000002,0.0,0.39,0.6200000000000001,0.0,0.0,0.0,0.0,0.0,0.0,0.0,0.41000000000000003,0.0,0.0,0.13,0.0,0.0,0.0,0.0,0.0,0.0,0.0,0.0
87,0.0,0.0,0.0,0.0,0.1,0.42000000000000004,0.02,0.48000000000000004,0.0,0.1,0.0,0.0,0.0,0.0,0.0,0.0,0.0,0.0,0.0,0.0,0.0,0.0,0.0,0.0,0.0,0.0,0.0,0.0,0.9300000000000002,0.0,0.05,0.8600000000000002,0.0,0.4,0.9100000000000001,0.0,0.0,0.0,0.0,0.0,0.02,0.0,0.34,0.0,0.0,0.04,0.0,0.0,0.12,0.0,0.0,0.0,0.0,0.0
88,0.0,0.0,0.0,0.0,0.19,0.6300000000000001,0.0,0.35000000000000003,0.0,0.07,0.0,0.0,0.0,0.12000000000000001,0.0,0.0,0.0,0.0,0.0,0.0,0.0,0.0,0.0,0.0,0.0,0.0,0.0,0.0,0.8900000000000001,0.0,0.05,0.9300000000000002,0.0,0.43000000000000005,0.8800000000000002,0.0,0.0,0.0,0.0,0.0,0.0,0.0,0.26,0.0,0.0,0.07,0.0,0.0,0.02,0.0,0.0,0.0,0.0,0.0
89,0.0,0.0,0.0,0.0,0.07,0.66,0.0,0.29,0.05,0.07,0.0,0.0,0.0,0.0,0.0,0.0,0.0,0.0,0.0,0.0,0.0,0.0,0.0,0.0,0.0,0.0,0.0,0.0,0.8100000000000002,0.0,0.0,0.9500000000000002,0.0,0.68,0.9000000000000001,0.0,0.0,0.0,0.0,0.0,0.0,0.0,0.24,0.0,0.0,0.1,0.0,0.0,0.0,0.0,0.0,0.0,0.05,0.0
90,0.0,0.0,0.0,0.0,0.05,0.5900000000000001,0.0,0.41000000000000003,0.0,0.05,0.0,0.0,0.0,0.0,0.0,0.0,0.0,0.0,0.0,0.0,0.05,0.0,0.0,0.0,0.0,0.0,0.0,0.0,0.7900000000000001,0.02,0.0,0.9300000000000002,0.0,0.37999999999999995,0.9500000000000002,0.0,0.0,0.0,0.0,0.0,0.0,0.0,0.29000000000000004,0.0,0.0,0.05,0.0,0.0,0.07,0.0,0.0,0.0,0.0,0.0
91,0.05,0.0,0.0,0.0,0.05,0.7200000000000002,0.0,0.42000000000000004,0.0,0.0,0.0,0.0,0.0,0.05,0.0,0.0,0.0,0.0,0.0,0.0,0.12,0.0,0.0,0.0,0.0,0.0,0.0,0.0,0.7700000000000002,0.0,0.1,0.9100000000000001,0.0,0.7100000000000001,0.8600000000000002,0.0,0.0,0.0,0.0,0.0,0.0,0.0,0.38000000000000006,0.0,0.0,0.04,0.0,0.0,0.0,0.0,0.0,0.0,0.0,0.0
92,0.0,0.0,0.0,0.0,0.0,0.7600000000000001,0.1,0.26,0.0,0.0,0.0,0.0,0.0,0.0,0.0,0.0,0.0,0.0,0.0,0.0,0.27,0.0,0.0,0.0,0.0,0.0,0.0,0.0,0.56,0.0,0.27,0.9100000000000001,0.0,0.8200000000000002,0.66,0.0,0.0,0.0,0.0,0.05,0.05,0.0,0.24,0.0,0.0,0.02,0.0,0.0,0.0,0.0,0.0,0.0,0.0,0.0
93,0.0,0.0,0.0,0.0,0.05,0.46,0.37000000000000005,0.19,0.0,0.05,0.0,0.0,0.0,0.0,0.0,0.0,0.0,0.0,0.0,0.0,0.09000000000000001,0.0,0.0,0.0,0.0,0.0,0.0,0.0,0.5900000000000001,0.08,0.33,0.8300000000000002,0.0,0.7200000000000002,0.6500000000000001,0.0,0.0,0.0,0.0,0.0,0.37000000000000005,0.0,0.17,0.0,0.0,0.02,0.0,0.0,0.0,0.0,0.0,0.0,0.0,0.0
94,0.0,0.0,0.0,0.0,0.15000000000000002,0.29,0.38999999999999996,0.34,0.0,0.15000000000000002,0.0,0.0,0.0,0.0,0.0,0.0,0.0,0.0,0.08,0.05,0.0,0.0,0.0,0.05,0.0,0.0,0.0,0.0,0.6500000000000001,0.0,0.29000000000000004,0.49000000000000005,0.0,0.56,0.7100000000000002,0.0,0.0,0.0,0.0,0.0,0.36999999999999994,0.02,0.31,0.0,0.0,0.0,0.0,0.0,0.25,0.0,0.0,0.0,0.0,0.0
95,0.0,0.0,0.0,0.0,0.22,0.32999999999999996,0.26,0.31,0.05,0.22,0.0,0.05,0.0,0.2,0.0,0.0,0.0,0.0,0.0,0.05,0.02,0.0,0.0,0.05,0.0,0.0,0.0,0.0,0.7300000000000002,0.0,0.38000000000000006,0.45,0.08,0.59,0.57,0.0,0.0,0.0,0.0,0.0,0.34,0.0,0.26,0.0,0.0,0.05,0.0,0.0,0.0,0.0,0.0,0.05,0.0,0.0
96,0.0,0.0,0.0,0.0,0.39,0.12,0.27,0.31,0.0,0.07,0.0,0.0,0.0,0.32,0.0,0.0,0.0,0.0,0.02,0.0,0.05,0.0,0.0,0.0,0.0,0.0,0.0,0.0,0.6900000000000001,0.05,0.44000000000000006,0.4800000000000001,0.0,0.6400000000000001,0.56,0.0,0.0,0.0,0.0,0.0,0.27,0.0,0.21000000000000002,0.0,0.0,0.0,0.0,0.0,0.1,0.0,0.0,0.0,0.0,0.0
97,0.0,0.0,0.0,0.0,0.22999999999999998,0.46,0.36000000000000004,0.12000000000000001,0.0,0.17,0.0,0.0,0.0,0.13,0.0,0.0,0.0,0.0,0.0,0.0,0.1,0.08,0.0,0.0,0.0,0.0,0.0,0.0,0.9000000000000002,0.05,0.61,0.41000000000000003,0.0,0.58,0.39,0.0,0.0,0.0,0.0,0.0,0.36000000000000004,0.0,0.12000000000000001,0.0,0.0,0.0,0.0,0.0,0.0,0.0,0.0,0.0,0.0,0.0
98,0.0,0.0,0.0,0.0,0.42,0.35000000000000003,0.27999999999999997,0.05,0.05,0.37,0.0,0.0,0.0,0.25,0.0,0.0,0.0,0.05,0.0,0.0,0.12000000000000001,0.0,0.0,0.0,0.0,0.0,0.0,0.0,0.8800000000000002,0.02,0.49,0.31,0.0,0.4,0.4600000000000001,0.0,0.0,0.0,0.0,0.05,0.22999999999999998,0.0,0.05,0.0,0.0,0.0,0.0,0.0,0.0,0.0,0.0,0.0,0.05,0.0
99,0.08,0.0,0.0,0.0,0.35000000000000003,0.51,0.02,0.12,0.0,0.19999999999999998,0.0,0.0,0.0,0.15000000000000002,0.0,0.0,0.0,0.0,0.0,0.02,0.36,0.0,0.0,0.02,0.0,0.0,0.0,0.0,0.8500000000000002,0.0,0.4600000000000001,0.47000000000000003,0.0,0.7900000000000001,0.42000000000000004,0.0,0.0,0.0,0.0,0.0,0.02,0.0,0.0,0.0,0.0,0.12,0.0,0.0,0.0,0.0,0.0,0.0,0.0,0.0
100,0.0,0.0,0.0,0.0,0.31,0.58,0.07,0.04,0.07,0.17,0.0,0.0,0.0,0.14,0.0,0.0,0.0,0.0,0.05,0.0,0.31000000000000005,0.0,0.0,0.0,0.0,0.0,0.0,0.0,0.8300000000000002,0.0,0.4,0.53,0.0,0.8600000000000002,0.53,0.0,0.0,0.0,0.0,0.05,0.02,0.0,0.02,0.0,0.0,0.02,0.0,0.0,0.0,0.0,0.0,0.0,0.07,0.0
101,0.02,0.0,0.0,0.0,0.3,0.4800000000000001,0.0,0.22,0.05,0.09,0.0,0.0,0.0,0.22999999999999998,0.0,0.0,0.0,0.0,0.0,0.0,0.37,0.0,0.0,0.0,0.0,0.0,0.0,0.0,0.9100000000000001,0.0,0.43,0.4,0.0,0.6400000000000001,0.37,0.0,0.0,0.0,0.0,0.0,0.0,0.0,0.22,0.0,0.0,0.2,0.0,0.0,0.0,0.0,0.0,0.0,0.05,0.0
102,0.0,0.0,0.0,0.0,0.14,0.6000000000000001,0.07,0.38,0.0,0.0,0.0,0.0,0.0,0.14,0.0,0.0,0.0,0.0,0.0,0.0,0.18,0.0,0.0,0.0,0.0,0.0,0.0,0.0,0.9300000000000002,0.0,0.4700000000000001,0.59,0.0,0.51,0.31,0.0,0.0,0.0,0.0,0.0,0.07,0.0,0.29000000000000004,0.0,0.0,0.22000000000000003,0.0,0.0,0.0,0.0,0.0,0.0,0.0,0.0
103,0.0,0.0,0.0,0.0,0.22,0.52,0.0,0.36,0.0,0.2,0.0,0.0,0.0,0.22,0.0,0.0,0.0,0.0,0.0,0.0,0.34,0.0,0.0,0.0,0.0,0.0,0.0,0.0,0.9100000000000003,0.0,0.38,0.44,0.0,0.3,0.4000000000000001,0.0,0.0,0.0,0.0,0.0,0.0,0.0,0.24,0.0,0.0,0.21999999999999997,0.0,0.0,0.0,0.0,0.0,0.0,0.0,0.0
104,0.0,0.0,0.05,0.0,0.23000000000000004,0.44,0.0,0.33000000000000007,0.0,0.18,0.0,0.0,0.0,0.1,0.0,0.0,0.0,0.0,0.08,0.0,0.18000000000000002,0.0,0.0,0.0,0.0,0.0,0.0,0.0,0.9000000000000002,0.0,0.49,0.7400000000000001,0.0,0.37000000000000005,0.42000000000000004,0.0,0.0,0.0,0.0,0.0,0.0,0.0,0.24,0.0,0.0,0.09000000000000001,0.0,0.0,0.0,0.0,0.0,0.0,0.0,0.0
105,0.0,0.0,0.0,0.0,0.11000000000000001,0.6000000000000001,0.12000000000000001,0.34,0.0,0.11000000000000001,0.0,0.0,0.0,0.0,0.0,0.0,0.0,0.0,0.0,0.0,0.12000000000000001,0.0,0.0,0.0,0.0,0.0,0.0,0.0,0.9100000000000001,0.0,0.16999999999999998,0.8100000000000002,0.0,0.46,0.62,0.0,0.0,0.0,0.0,0.07,0.05,0.0,0.22000000000000003,0.0,0.0,0.14,0.0,0.0,0.0,0.0,0.0,0.0,0.0,0.0
106,0.0,0.0,0.0,0.0,0.0,0.47000000000000003,0.25,0.38,0.0,0.0,0.0,0.0,0.0,0.0,0.0,0.0,0.0,0.0,0.0,0.0,0.0,0.0,0.0,0.05,0.0,0.0,0.0,0.0,0.6600000000000001,0.0,0.05,0.9500000000000002,0.0,0.65,0.8800000000000001,0.0,0.0,0.0,0.0,0.0,0.25,0.0,0.31,0.0,0.0,0.07,0.05,0.0,0.0,0.0,0.0,0.0,0.0,0.0
107,0.0,0.0,0.0,0.0,0.07,0.5000000000000001,0.34,0.19999999999999998,0.05,0.07,0.0,0.0,0.0,0.05,0.0,0.0,0.0,0.0,0.0,0.05,0.0,0.0,0.0,0.05,0.0,0.0,0.0,0.0,0.65,0.0,0.05,0.7600000000000001,0.0,0.6500000000000001,0.9500000000000002,0.0,0.0,0.0,0.0,0.0,0.34,0.0,0.19999999999999998,0.0,0.0,0.0,0.0,0.0,0.0,0.0,0.0,0.05,0.0,0.0
108,0.0,0.0,0.0,0.0,0.13999999999999999,0.49000000000000005,0.3,0.22,0.0,0.12,0.0,0.0,0.0,0.02,0.0,0.0,0.0,0.0,0.0,0.0,0.2,0.0,0.0,0.0,0.0,0.0,0.0,0.0,0.8600000000000002,0.0,0.07,0.55,0.02,0.61,0.68,0.0,0.0,0.0,0.0,0.05,0.25,0.0,0.22,0.0,0.0,0.2,0.0,0.0,0.0,0.0,0.0,0.0,0.0,0.0
109,0.0,0.0,0.08,0.0,0.17,0.43000000000000005,0.32000000000000006,0.29000000000000004,0.0,0.12000000000000001,0.0,0.0,0.0,0.05,0.0,0.0,0.0,0.0,0.0,0.0,0.02,0.0,0.0,0.0,0.0,0.0,0.0,0.0,0.9100000000000003,0.0,0.07,0.6300000000000001,0.0,0.7100000000000001,0.7200000000000001,0.0,0.0,0.0,0.0,0.16999999999999998,0.26999999999999996,0.0,0.17,0.0,0.0,0.04,0.0,0.0,0.08,0.0,0.0,0.0,0.0,0.0
110,0.0,0.0,0.0,0.0,0.09000000000000001,0.53,0.36000000000000004,0.07,0.0,0.09000000000000001,0.0,0.0,0.0,0.02,0.0,0.0,0.0,0.0,0.0,0.0,0.0,0.0,0.0,0.0,0.0,0.0,0.0,0.0,0.7100000000000001,0.0,0.05,0.8200000000000002,0.0,0.53,0.9300000000000002,0.0,0.0,0.0,0.0,0.02,0.34,0.0,0.07,0.0,0.0,0.0,0.0,0.0,0.0,0.0,0.0,0.0,0.0,0.0
111,0.0,0.0,0.0,0.0,0.12000000000000001,0.5800000000000001,0.2,0.15000000000000002,0.0,0.12000000000000001,0.0,0.0,0.0,0.0,0.0,0.0,0.0,0.0,0.0,0.2,0.0,0.0,0.0,0.2,0.0,0.0,0.0,0.0,0.7800000000000001,0.0,0.0,0.9500000000000002,0.0,0.62,1.0000000000000002,0.0,0.0,0.0,0.0,0.0,0.2,0.0,0.15000000000000002,0.0,0.0,0.0,0.0,0.0,0.0,0.0,0.0,0.0,0.0,0.0
112,0.0,0.0,0.0,0.0,0.11,0.7200000000000001,0.0,0.22,0.0,0.06,0.0,0.0,0.0,0.05,0.0,0.0,0.0,0.0,0.0,0.1,0.0,0.0,0.0,0.1,0.0,0.0,0.0,0.0,0.6500000000000001,0.0,0.05,1.0000000000000002,0.0,0.5700000000000001,0.9500000000000002,0.0,0.0,0.0,0.0,0.0,0.0,0.0,0.16999999999999998,0.0,0.0,0.0,0.05,0.0,0.0,0.0,0.0,0.0,0.0,0.0
113,0.0,0.0,0.0,0.0,0.02,0.6400000000000001,0.0,0.4600000000000001,0.0,0.0,0.0,0.0,0.0,0.02,0.0,0.0,0.0,0.0,0.0,0.0,0.0,0.0,0.0,0.0,0.0,0.0,0.0,0.0,0.8400000000000002,0.08,0.0,1.0000000000000002,0.0,0.4,1.0000000000000002,0.0,0.0,0.0,0.0,0.0,0.0,0.0,0.4600000000000001,0.0,0.0,0.0,0.0,0.0,0.0,0.0,0.0,0.0,0.0,0.0
114,0.0,0.0,0.0,0.0,0.0,0.6900000000000001,0.05,0.4,0.0,0.0,0.0,0.0,0.0,0.0,0.0,0.0,0.0,0.0,0.0,0.0,0.0,0.0,0.0,0.0,0.0,0.0,0.0,0.0,0.7900000000000001,0.0,0.0,1.0000000000000002,0.0,0.48000000000000004,0.9800000000000002,0.0,0.0,0.0,0.0,0.0,0.05,0.0,0.4,0.0,0.0,0.02,0.0,0.0,0.0,0.0,0.0,0.0,0.0,0.0
115,0.0,0.0,0.0,0.0,0.0,0.56,0.0,0.46,0.05,0.0,0.0,0.0,0.0,0.0,0.0,0.0,0.0,0.0,0.0,0.0,0.0,0.0,0.0,0.0,0.0,0.0,0.0,0.0,0.7600000000000001,0.0,0.0,1.0000000000000002,0.0,0.48000000000000004,1.0000000000000002,0.0,0.0,0.0,0.0,0.0,0.0,0.0,0.46,0.0,0.0,0.0,0.0,0.0,0.0,0.0,0.0,0.0,0.05,0.0
116,0.0,0.0,0.0,0.0,0.0,0.6000000000000001,0.07,0.35,0.05,0.0,0.0,0.0,0.0,0.0,0.0,0.0,0.0,0.0,0.0,0.0,0.0,0.0,0.0,0.0,0.0,0.0,0.0,0.0,0.8900000000000001,0.0,0.07,0.9300000000000002,0.0,0.45000000000000007,0.9300000000000002,0.0,0.0,0.0,0.0,0.0,0.07,0.0,0.35,0.0,0.0,0.0,0.0,0.0,0.0,0.0,0.0,0.0,0.05,0.0
117,0.0,0.0,0.0,0.0,0.05,0.8100000000000002,0.12000000000000001,0.14,0.05,0.3,0.0,0.0,0.0,0.0,0.0,0.0,0.0,0.0,0.25,0.0,0.0,0.0,0.0,0.0,0.0,0.0,0.0,0.0,0.9100000000000001,0.0,0.07,0.8500000000000001,0.0,0.5,0.9300000000000002,0.0,0.0,0.0,0.0,0.0,0.12000000000000001,0.0,0.14,0.0,0.0,0.0,0.0,0.0,0.0,0.0,0.0,0.0,0.05,0.0
118,0.0,0.0,0.0,0.0,0.07,0.7100000000000001,0.27,0.05,0.0,0.02,0.0,0.0,0.05,0.0,0.0,0.0,0.0,0.0,0.0,0.02,0.0,0.0,0.0,0.02,0.0,0.0,0.0,0.0,0.7800000000000001,0.0,0.39,0.9300000000000002,0.0,0.39,0.6100000000000001,0.0,0.0,0.0,0.0,0.0,0.27,0.0,0.05,0.0,0.0,0.0,0.0,0.0,0.0,0.0,0.0,0.0,0.0,0.0
119,0.0,0.0,0.0,0.0,0.1,0.8400000000000002,0.31,0.11000000000000001,0.0,0.1,0.0,0.0,0.0,0.0,0.0,0.0,0.0,0.0,0.08,0.05,0.05,0.0,0.0,0.05,0.0,0.0,0.0,0.0,0.8100000000000003,0.0,0.3,0.7200000000000002,0.0,0.8900000000000001,0.6000000000000001,0.0,0.0,0.0,0.0,0.1,0.20999999999999996,0.0,0.11000000000000001,0.0,0.0,0.0,0.0,0.0,0.0,0.0,0.0,0.0,0.0,0.0
120,0.0,0.0,0.0,0.0,0.0,0.28,0.3,0.47,0.0,0.0,0.0,0.0,0.0,0.0,0.0,0.0,0.0,0.0,0.0,0.05,0.08,0.0,0.0,0.05,0.0,0.0,0.0,0.0,0.7100000000000001,0.0,0.7300000000000001,0.44000000000000006,0.0,0.8000000000000002,0.21999999999999997,0.0,0.0,0.0,0.0,0.0,0.3,0.0,0.42,0.0,0.0,0.05,0.0,0.0,0.25,0.0,0.0,0.0,0.0,0.0
121,0.0,0.0,0.0,0.0,0.12000000000000001,0.15000000000000002,0.36000000000000004,0.53,0.05,0.0,0.0,0.0,0.0,0.12000000000000001,0.0,0.0,0.0,0.02,0.0,0.0,0.02,0.05,0.0,0.0,0.0,0.0,0.0,0.0,0.5900000000000001,0.02,0.8500000000000002,0.39,0.08,0.9500000000000002,0.0,0.0,0.0,0.0,0.0,0.0,0.44000000000000006,0.0,0.37000000000000005,0.0,0.0,0.15000000000000002,0.0,0.0,0.13999999999999999,0.0,0.0,0.0,0.05,0.0
122,0.0,0.0,0.0,0.0,0.04,0.33999999999999997,0.48,0.36000000000000004,0.0,0.02,0.0,0.0,0.0,0.02,0.0,0.0,0.0,0.08,0.0,0.0,0.24,0.0,0.0,0.0,0.0,0.0,0.0,0.0,0.7000000000000001,0.0,0.7800000000000002,0.35,0.0,1.0000000000000002,0.05,0.0,0.0,0.0,0.0,0.0,0.48,0.0,0.19,0.0,0.0,0.16999999999999998,0.0,0.0,0.0,0.0,0.0,0.0,0.0,0.0
123,0.0,0.0,0.0,0.0,0.1,0.35000000000000003,0.5800000000000001,0.14,0.0,0.1,0.0,0.0,0.0,0.0,0.0,0.0,0.0,0.0,0.0,0.05,0.26,0.0,0.0,0.05,0.0,0.0,0.0,0.0,0.8800000000000001,0.05,0.8400000000000001,0.26,0.0,0.9500000000000002,0.07,0.0,0.0,0.0,0.0,0.0,0.5800000000000001,0.0,0.0,0.0,0.0,0.09000000000000001,0.0,0.0,0.05,0.0,0.0,0.0,0.0,0.0
124,0.0,0.0,0.0,0.0,0.27,0.37,0.53,0.02,0.0,0.2,0.0,0.0,0.05,0.22,0.0,0.0,0.0,0.05,0.02,0.0,0.1,0.0,0.0,0.0,0.0,0.0,0.0,0.0,1.0000000000000002,0.0,0.9000000000000002,0.15000000000000002,0.0,0.8000000000000002,0.1,0.0,0.0,0.0,0.0,0.0,0.53,0.0,0.02,0.0,0.0,0.0,0.0,0.0,0.0,0.0,0.0,0.0,0.0,0.0
125,0.0,0.0,0.0,0.0,0.22,0.5000000000000001,0.43,0.0,0.02,0.05,0.0,0.0,0.0,0.16999999999999998,0.0,0.0,0.0,0.0,0.05,0.0,0.05,0.1,0.0,0.0,0.0,0.0,0.0,0.0,1.0000000000000002,0.0,0.7500000000000001,0.31000000000000005,0.0,0.6300000000000001,0.25,0.0,0.0,0.0,0.0,0.0,0.41000000000000003,0.02,0.02,0.0,0.0,0.0,0.0,0.0,0.0,0.0,0.0,0.0,0.02,0.0
126,0.0,0.0,0.0,0.0,0.12000000000000001,0.45000000000000007,0.48000000000000004,0.02,0.05,0.05,0.0,0.0,0.0,0.07,0.0,0.0,0.0,0.0,0.0,0.0,0.14,0.0,0.0,0.0,0.0,0.0,0.0,0.0,1.0000000000000002,0.0,0.7000000000000001,0.31,0.0,0.6700000000000002,0.26,0.0,0.0,0.0,0.0,0.02,0.48000000000000004,0.0,0.0,0.0,0.0,0.02,0.0,0.0,0.0,0.0,0.0,0.0,0.05,0.0
127,0.08,0.0,0.0,0.0,0.41000000000000003,0.31,0.28,0.05,0.05,0.26,0.0,0.0,0.0,0.2,0.0,0.0,0.0,0.02,0.0,0.0,0.24,0.05,0.0,0.0,0.0,0.0,0.0,0.0,0.8100000000000002,0.0,0.7200000000000002,0.23,0.05,0.7200000000000002,0.28,0.0,0.0,0.0,0.0,0.0,0.28,0.0,0.0,0.0,0.0,0.0,0.0,0.0,0.05,0.0,0.0,0.05,0.0,0.0
128,0.0,0.0,0.0,0.0,0.43000000000000005,0.3999999955333574,0.17,0.02000000417771245,0.0,0.41000000000000003,0.0,0.0,0.0,0.22,0.0,0.0,0.0,0.0,0.0,0.0,0.43000000000000005,0.0,0.0,0.0,0.0,0.0,0.0,0.0,0.8599999955355446,0.0,0.7099999955334139,0.22000000000000003,0.0,0.52,0.27,0.0,0.0,0.0,0.0,0.0,0.17,0.0,0.0,0.0,0.0,0.020000004401100828,0.0,0.0,0.0,0.0,0.0,0.0,0.0,0.0
129,0.0,0.0,0.0,0.0,0.33999999999999997,0.34,0.25,0.05,0.12,0.25,0.0,0.0,0.05,0.16000000000000003,0.0,0.0,0.0,0.0,0.0,0.0,0.18,0.0,0.0,0.0,0.0,0.0,0.0,0.0,0.6900000000000001,0.0,0.6100000000000002,0.51,0.05,0.6900000000000001,0.29,0.0,0.0,0.0,0.0,0.05,0.25,0.0,0.0,0.0,0.0,0.05,0.0,0.0,0.0,0.0,0.0,0.0,0.12,0.0
130,0.05,0.0,0.0,0.0,0.48,0.34,0.23,0.07,0.0,0.27,0.0,0.05,0.0,0.16,0.0,0.0,0.0,0.0,0.1,0.05,0.05,0.0,0.0,0.05,0.0,0.0,0.0,0.0,0.6200000000000001,0.0,0.66,0.67,0.05,0.7600000000000001,0.24999999999999997,0.0,0.0,0.0,0.0,0.02,0.21,0.0,0.0,0.0,0.0,0.07,0.0,0.0,0.0,0.0,0.0,0.0,0.0,0.0
131,0.0,0.0,0.0,0.0,0.17,0.56,0.18999999999999997,0.25,0.0,0.12000000000000001,0.0,0.0,0.0,0.05,0.0,0.0,0.0,0.0,0.0,0.0,0.08,0.0,0.0,0.0,0.0,0.0,0.0,0.0,0.7600000000000001,0.0,0.52,0.5300000000000001,0.0,0.45,0.26,0.0,0.0,0.0,0.0,0.02,0.18999999999999997,0.0,0.25,0.0,0.0,0.2,0.0,0.0,0.2,0.0,0.0,0.0,0.0,0.0
132,0.0,0.0,0.0,0.0,0.05,0.49,0.09000000000000001,0.44000000000000006,0.0,0.05,0.0,0.0,0.0,0.05,0.0,0.0,0.0,0.0,0.05,0.0,0.02,0.02,0.0,0.0,0.0,0.0,0.0,0.0,0.7900000000000001,0.02,0.6200000000000001,0.7600000000000001,0.0,0.5700000000000001,0.2,0.0,0.0,0.0,0.0,0.0,0.09000000000000001,0.0,0.34,0.0,0.0,0.18,0.0,0.0,0.04,0.0,0.0,0.0,0.0,0.0
133,0.0,0.0,0.0,0.0,0.07,0.4000000000000001,0.22,0.4,0.05,0.0,0.0,0.0,0.0,0.07,0.0,0.0,0.0,0.0,0.0,0.0,0.0,0.0,0.0,0.0,0.0,0.0,0.0,0.0,0.66,0.0,0.37000000000000005,0.8100000000000002,0.0,0.61,0.53,0.0,0.0,0.0,0.0,0.0,0.22,0.0,0.35000000000000003,0.0,0.0,0.1,0.0,0.0,0.05,0.0,0.0,0.0,0.05,0.0
134,0.0,0.0,0.0,0.0,0.02,0.33,0.24,0.5599999999999999,0.0,0.02,0.0,0.0,0.0,0.0,0.0,0.0,0.0,0.05,0.0,0.0,0.12,0.0,0.0,0.0,0.0,0.0,0.0,0.0,0.8100000000000003,0.0,0.12000000000000001,0.5600000000000002,0.08,0.68,0.7100000000000002,0.0,0.0,0.0,0.0,0.0,0.32,0.0,0.44,0.0,0.0,0.16999999999999998,0.0,0.0,0.0,0.0,0.0,0.0,0.0,0.0
135,0.0,0.0,0.0,0.0,0.0,0.56,0.19,0.42,0.02,0.0,0.0,0.0,0.0,0.0,0.0,0.0,0.0,0.08,0.0,0.0,0.22,0.02,0.0,0.0,0.0,0.0,0.0,0.0,0.6500000000000001,0.0,0.39,0.5900000000000001,0.0,0.6900000000000002,0.6100000000000001,0.0,0.0,0.0,0.0,0.0,0.19,0.0,0.42,0.0,0.0,0.0,0.0,0.0,0.0,0.0,0.0,0.0,0.02,0.0
136,0.0,0.0,0.0,0.0,0.0,0.61,0.18999999999999997,0.44,0.0,0.0,0.0,0.0,0.0,0.0,0.0,0.0,0.0,0.0,0.0,0.0,0.17,0.0,0.0,0.0,0.0,0.0,0.0,0.0,0.81,0.0,0.30000000000000004,0.6900000000000002,0.0,0.48,0.6000000000000001,0.0,0.0,0.0,0.0,0.0,0.18999999999999997,0.0,0.34,0.0,0.0,0.1,0.0,0.0,0.0,0.0,0.0,0.0,0.0,0.0
137,0.0,0.0,0.0,0.0,0.05,0.6500000000000001,0.09,0.29000000000000004,0.07,0.05,0.0,0.0,0.0,0.0,0.0,0.0,0.0,0.0,0.0,0.0,0.25,0.0,0.0,0.0,0.0,0.0,0.0,0.0,0.8600000000000002,0.0,0.30000000000000004,0.7000000000000001,0.0,0.6200000000000001,0.7000000000000001,0.0,0.0,0.0,0.0,0.0,0.09,0.0,0.29000000000000004,0.0,0.0,0.0,0.0,0.0,0.0,0.0,0.0,0.0,0.07,0.0
138,0.0,0.0,0.0,0.0,0.02,0.7900000000000001,0.07,0.07,0.1,0.0,0.0,0.0,0.0,0.02,0.0,0.0,0.0,0.0,0.0,0.05,0.22,0.0,0.0,0.05,0.0,0.0,0.0,0.0,0.9600000000000002,0.0,0.44000000000000006,0.59,0.0,0.65,0.51,0.0,0.0,0.0,0.0,0.0,0.07,0.0,0.02,0.0,0.0,0.05,0.0,0.0,0.0,0.0,0.0,0.0,0.1,0.0
139,0.0,0.0,0.0,0.0,0.12,0.7100000000000002,0.15000000000000002,0.02,0.05,0.0,0.0,0.0,0.0,0.12,0.0,0.0,0.0,0.0,0.0,0.0,0.09000000000000001,0.0,0.0,0.0,0.0,0.0,0.0,0.0,1.0000000000000002,0.05,0.35000000000000003,0.6000000000000001,0.0,0.9800000000000002,0.63,0.0,0.0,0.0,0.0,0.0,0.15000000000000002,0.0,0.0,0.0,0.0,0.02,0.0,0.0,0.0,0.0,0.0,0.0,0.05,0.0
140,0.0,0.0,0.05,0.0,0.39,0.59,0.02,0.05,0.0,0.27,0.0,0.0,0.05,0.27,0.0,0.0,0.0,0.0,0.0,0.0,0.13,0.0,0.0,0.0,0.0,0.0,0.0,0.0,0.9100000000000003,0.0,0.25,0.53,0.0,0.7500000000000002,0.7500000000000002,0.0,0.0,0.0,0.0,0.0,0.02,0.0,0.0,0.0,0.0,0.0,0.0,0.0,0.05,0.0,0.0,0.0,0.0,0.0
141,0.08,0.0,0.0,0.0,0.47000000000000003,0.53,0.0,0.0,0.05,0.26,0.0,0.0,0.0,0.22999999999999998,0.0,0.0,0.0,0.0,0.0,0.0,0.09000000000000001,0.0,0.0,0.0,0.0,0.0,0.0,0.0,0.9600000000000002,0.0,0.43000000000000005,0.6300000000000001,0.0,0.81,0.57,0.0,0.0,0.0,0.0,0.0,0.0,0.0,0.0,0.0,0.0,0.0,0.0,0.0,0.0,0.0,0.0,0.0,0.05,0.0
142,0.0,0.0,0.0,0.0,0.29,0.42000000000000004,0.29000000000000004,0.02,0.0,0.05,0.0,0.0,0.0,0.29,0.0,0.0,0.0,0.0,0.0,0.0,0.0,0.0,0.0,0.0,0.0,0.0,0.0,0.0,0.8000000000000002,0.0,0.3,0.67,0.0,0.9300000000000002,0.68,0.0,0.0,0.0,0.0,0.0,0.29000000000000004,0.0,0.0,0.0,0.0,0.02,0.0,0.0,0.0,0.0,0.0,0.0,0.0,0.0
143,0.0,0.0,0.0,0.0,0.37000000000000005,0.45,0.28,0.07,0.0,0.3,0.0,0.0,0.0,0.27,0.0,0.0,0.0,0.0,0.08,0.0,0.0,0.05,0.0,0.0,0.0,0.0,0.0,0.0,0.7400000000000001,0.0,0.15000000000000002,0.64,0.02,0.8000000000000002,0.8000000000000003,0.0,0.0,0.0,0.0,0.05,0.23,0.0,0.07,0.0,0.0,0.0,0.0,0.0,0.0,0.0,0.0,0.0,0.0,0.0
144,0.0,0.0,0.0,0.0,0.39000000000000007,0.47000000000000003,0.09000000000000001,0.0,0.05,0.33,0.0,0.0,0.0,0.18,0.0,0.0,0.0,0.0,0.05,0.0,0.0,0.0,0.0,0.0,0.0,0.0,0.0,0.0,0.7400000000000002,0.0,0.17,0.7300000000000001,0.0,0.6700000000000002,0.8300000000000001,0.0,0.0,0.0,0.0,0.0,0.09000000000000001,0.0,0.0,0.0,0.0,0.0,0.0,0.0,0.0,0.0,0.0,0.05,0.0,0.0
145,0.02,0.0,0.0,0.0,0.27999999999999997,0.5900000000000002,0.25,0.05,0.0,0.26,0.0,0.0,0.0,0.07,0.0,0.0,0.0,0.0,0.0,0.0,0.0,0.0,0.0,0.0,0.0,0.0,0.0,0.0,0.8400000000000002,0.0,0.31000000000000005,0.7600000000000001,0.0,0.6000000000000001,0.6900000000000001,0.0,0.0,0.0,0.0,0.0,0.25,0.0,0.05,0.0,0.0,0.0,0.0,0.0,0.0,0.0,0.0,0.0,0.0,0.0
146,0.0,0.0,0.0,0.0,0.18000000000000002,0.5700000000000001,0.25,0.12000000000000001,0.0,0.09,0.0,0.0,0.0,0.09000000000000001,0.0,0.0,0.0,0.0,0.0,0.05,0.0,0.0,0.0,0.05,0.0,0.0,0.0,0.0,0.6800000000000002,0.0,0.38,0.8600000000000001,0.0,0.41000000000000003,0.6200000000000001,0.0,0.0,0.0,0.0,0.0,0.25,0.0,0.12000000000000001,0.0,0.0,0.0,0.0,0.0,0.0,0.0,0.0,0.0,0.0,0.0
147,0.08,0.0,0.0,0.0,0.4,0.4600000000000001,0.12000000000000001,0.12,0.05,0.32,0.0,0.0,0.0,0.33,0.0,0.0,0.0,0.0,0.05,0.02,0.0,0.0,0.0,0.02,0.0,0.0,0.0,0.0,0.7700000000000001,0.0,0.55,0.6000000000000001,0.0,0.57,0.44999999999999996,0.0,0.0,0.0,0.0,0.0,0.12000000000000001,0.0,0.12,0.0,0.0,0.0,0.0,0.0,0.0,0.0,0.0,0.05,0.0,0.0
148,0.0,0.0,0.0,0.0,0.43,0.42000000000000004,0.13,0.04,0.0,0.14,0.0,0.0,0.0,0.36000000000000004,0.0,0.0,0.0,0.0,0.0,0.0,0.0,0.0,0.0,0.0,0.0,0.0,0.0,0.0,0.9300000000000002,0.0,0.44,0.49000000000000005,0.0,0.7000000000000002,0.56,0.0,0.0,0.0,0.0,0.0,0.13,0.0,0.04,0.0,0.0,0.0,0.0,0.0,0.0,0.0,0.0,0.0,0.0,0.0
149,0.0,0.0,0.0,0.0,0.21000000000000002,0.35,0.12000000000000001,0.37,0.0,0.13,0.0,0.0,0.0,0.08,0.0,0.0,0.0,0.02,0.08,0.0,0.02,0.0,0.0,0.0,0.0,0.0,0.0,0.0,0.8200000000000003,0.0,0.56,0.51,0.05,0.52,0.42,0.0,0.0,0.0,0.0,0.0,0.12000000000000001,0.0,0.3,0.0,0.0,0.02,0.0,0.0,0.25,0.0,0.0,0.0,0.0,0.0
150,0.0,0.0,0.08,0.0,0.12000000000000001,0.41000000000000003,0.20999999999999996,0.4,0.0,0.12000000000000001,0.0,0.0,0.0,0.0,0.0,0.0,0.0,0.0,0.0,0.0,0.05,0.0,0.0,0.0,0.0,0.0,0.0,0.0,0.8400000000000002,0.0,0.31999999999999995,0.6100000000000002,0.0,0.8800000000000001,0.47000000000000003,0.0,0.0,0.0,0.0,0.12,0.20999999999999996,0.0,0.18,0.0,0.0,0.09000000000000001,0.0,0.0,0.2,0.0,0.0,0.0,0.0,0.0
151,0.0,0.0,0.0,0.0,0.15999999999999998,0.35,0.49000000000000005,0.1,0.0,0.15999999999999998,0.0,0.0,0.0,0.0,0.0,0.0,0.0,0.05,0.0,0.0,0.12000000000000001,0.08,0.0,0.0,0.0,0.0,0.0,0.0,0.6100000000000001,0.0,0.66,0.6400000000000001,0.0,0.9000000000000002,0.29000000000000004,0.0,0.0,0.0,0.0,0.05,0.44000000000000006,0.0,0.05,0.0,0.0,0.0,0.0,0.0,0.05,0.0,0.0,0.0,0.0,0.0
152,0.0,0.0,0.0,0.0,0.24000000000000002,0.51,0.26999999999999996,0.15000000000000002,0.0,0.19,0.0,0.0,0.0,0.05,0.0,0.0,0.0,0.0,0.0,0.0,0.35000000000000003,0.0,0.0,0.0,0.0,0.0,0.0,0.0,0.6700000000000002,0.0,0.7600000000000001,0.4700000000000001,0.0,1.0000000000000002,0.22000000000000003,0.0,0.0,0.0,0.0,0.0,0.25,0.02,0.1,0.0,0.0,0.02,0.0,0.0,0.05,0.0,0.0,0.0,0.0,0.0
153,0.0,0.0,0.0,0.0,0.31,0.38,0.17,0.19,0.0,0.31,0.0,0.0,0.0,0.2,0.0,0.0,0.0,0.0,0.0,0.0,0.37,0.0,0.0,0.0,0.0,0.0,0.0,0.0,0.8500000000000001,0.05,0.5300000000000001,0.31,0.0,0.7300000000000001,0.35000000000000003,0.0,0.0,0.0,0.0,0.0,0.17,0.0,0.07,0.0,0.0,0.12,0.0,0.0,0.0,0.0,0.0,0.0,0.0,0.0
154,0.0,0.0,0.0,0.0,0.3,0.45000000000000007,0.21999999999999997,0.22000000000000003,0.0,0.07,0.0,0.0,0.0,0.22999999999999998,0.0,0.0,0.0,0.0,0.0,0.0,0.2,0.0,0.0,0.0,0.0,0.0,0.0,0.0,0.8800000000000002,0.0,0.54,0.48000000000000004,0.0,0.48000000000000004,0.41000000000000003,0.0,0.0,0.0,0.0,0.0,0.21999999999999997,0.0,0.22000000000000003,0.0,0.0,0.05,0.0,0.0,0.0,0.0,0.0,0.0,0.0,0.0
155,0.05,0.0,0.0,0.0,0.33,0.36000000000000004,0.02,0.31000000000000005,0.05,0.12000000000000001,0.0,0.0,0.0,0.21000000000000002,0.0,0.0,0.0,0.0,0.02,0.0,0.34,0.0,0.0,0.0,0.0,0.0,0.0,0.0,0.9300000000000002,0.0,0.42,0.34,0.0,0.35000000000000003,0.34,0.0,0.0,0.0,0.0,0.0,0.02,0.0,0.27,0.0,0.0,0.24,0.0,0.0,0.02,0.0,0.0,0.0,0.05,0.0
156,0.0,0.0,0.0,0.0,0.23000000000000004,0.37000000000000005,0.2,0.21999999999999997,0.05,0.1,0.0,0.0,0.0,0.23000000000000004,0.0,0.0,0.0,0.0,0.05,0.0,0.32999999999999996,0.0,0.0,0.0,0.0,0.0,0.0,0.0,0.8000000000000002,0.0,0.33,0.5,0.0,0.56,0.51,0.0,0.0,0.0,0.0,0.0,0.2,0.0,0.13,0.0,0.0,0.16000000000000003,0.0,0.0,0.02,0.0,0.0,0.0,0.05,0.0
157,0.0,0.0,0.0,0.0,0.31000000000000005,0.26,0.11000000000000001,0.31999999999999995,0.05,0.27,0.0,0.0,0.0,0.24,0.0,0.0,0.0,0.0,0.0,0.0,0.18999999999999997,0.0,0.0,0.0,0.0,0.0,0.0,0.0,0.7600000000000001,0.0,0.56,0.48000000000000004,0.0,0.42000000000000004,0.25999999999999995,0.0,0.0,0.0,0.0,0.0,0.11000000000000001,0.0,0.26999999999999996,0.0,0.0,0.18,0.0,0.0,0.0,0.0,0.0,0.0,0.05,0.0
158,0.0,0.0,0.0,0.0,0.42,0.32,0.19,0.19,0.0,0.37000000000000005,0.0,0.0,0.0,0.05,0.0,0.0,0.0,0.0,0.0,0.0,0.02,0.05,0.0,0.0,0.0,0.0,0.0,0.0,0.5800000000000001,0.0,0.49000000000000005,0.6800000000000002,0.08,0.8900000000000001,0.46,0.0,0.0,0.0,0.0,0.0,0.27,0.0,0.14,0.0,0.0,0.05,0.0,0.0,0.0,0.0,0.0,0.0,0.0,0.0
159,0.0,0.0,0.0,0.0,0.26,0.61,0.09,0.16,0.0,0.19,0.0,0.0,0.0,0.12000000000000001,0.0,0.0,0.0,0.0,0.0,0.0,0.0,0.02,0.0,0.0,0.0,0.0,0.0,0.0,0.7500000000000001,0.0,0.43,0.8400000000000002,0.0,0.7800000000000001,0.48000000000000004,0.0,0.0,0.0,0.0,0.0,0.09,0.0,0.07,0.0,0.0,0.09000000000000001,0.0,0.0,0.0,0.0,0.0,0.0,0.0,0.0
160,0.0,0.0,0.0,0.0,0.1,0.66,0.07,0.29,0.0,0.1,0.0,0.0,0.0,0.0,0.0,0.0,0.0,0.0,0.0,0.0,0.07,0.0,0.0,0.0,0.0,0.0,0.0,0.0,0.8500000000000001,0.0,0.22999999999999998,0.8400000000000002,0.0,0.6900000000000001,0.7300000000000001,0.0,0.0,0.0,0.0,0.0,0.07,0.0,0.2,0.0,0.0,0.04,0.0,0.0,0.05,0.0,0.0,0.0,0.0,0.0
161,0.0,0.0,0.0,0.0,0.0,0.8300000000000002,0.05,0.21999999999999997,0.0,0.0,0.0,0.0,0.0,0.0,0.0,0.0,0.0,0.0,0.0,0.0,0.0,0.0,0.0,0.0,0.0,0.0,0.0,0.0,0.8800000000000002,0.0,0.05,1.0000000000000002,0.0,0.44,0.9500000000000002,0.0,0.0,0.0,0.0,0.0,0.05,0.0,0.21999999999999997,0.0,0.0,0.0,0.0,0.0,0.0,0.0,0.0,0.0,0.0,0.0
162,0.0,0.0,0.0,0.0,0.12000000000000001,0.8200000000000002,0.09000000000000001,0.09000000000000001,0.0,0.02,0.0,0.0,0.0,0.1,0.0,0.0,0.0,0.0,0.0,0.0,0.0,0.0,0.0,0.0,0.0,0.0,0.0,0.0,0.9100000000000001,0.0,0.0,0.9500000000000002,0.0,0.7900000000000001,0.9300000000000002,0.0,0.0,0.0,0.0,0.07,0.02,0.0,0.09000000000000001,0.0,0.0,0.0,0.0,0.0,0.0,0.0,0.0,0.0,0.0,0.0
163,0.0,0.0,0.0,0.0,0.04,0.9100000000000001,0.1,0.0,0.0,0.0,0.0,0.0,0.0,0.04,0.0,0.0,0.0,0.0,0.0,0.0,0.0,0.0,0.0,0.0,0.0,0.0,0.0,0.0,0.9300000000000002,0.0,0.0,0.9600000000000002,0.0,1.0000000000000002,1.0000000000000002,0.0,0.0,0.0,0.0,0.0,0.1,0.0,0.0,0.0,0.0,0.0,0.0,0.0,0.0,0.0,0.0,0.0,0.0,0.0
164,0.0,0.0,0.0,0.0,0.0,0.7500000000000001,0.32,0.05,0.05,0.0,0.0,0.0,0.05,0.0,0.0,0.0,0.0,0.0,0.0,0.0,0.0,0.0,0.0,0.0,0.0,0.0,0.0,0.0,0.8000000000000002,0.0,0.0,0.8800000000000002,0.0,0.9600000000000002,1.0000000000000002,0.0,0.0,0.0,0.0,0.0,0.32,0.0,0.0,0.0,0.0,0.0,0.0,0.0,0.05,0.0,0.0,0.05,0.0,0.0
165,0.0,0.0,0.0,0.0,0.0,0.6600000000000001,0.14,0.25,0.05,0.0,0.0,0.0,0.05,0.0,0.0,0.0,0.0,0.0,0.0,0.0,0.0,0.0,0.0,0.0,0.0,0.0,0.0,0.0,0.7800000000000002,0.08,0.05,0.8800000000000001,0.05,0.9500000000000002,0.9500000000000002,0.0,0.0,0.0,0.0,0.0,0.14,0.0,0.25,0.0,0.0,0.0,0.0,0.0,0.0,0.0,0.0,0.05,0.0,0.0
166,0.0,0.0,0.0,0.0,0.0,0.76,0.11,0.27,0.0,0.0,0.0,0.0,0.0,0.0,0.0,0.0,0.0,0.0,0.0,0.0,0.0,0.0,0.0,0.0,0.0,0.0,0.0,0.0,0.7300000000000001,0.0,0.0,0.9300000000000002,0.0,1.0000000000000002,1.0000000000000002,0.0,0.0,0.0,0.0,0.0,0.11,0.0,0.27,0.0,0.0,0.0,0.0,0.0,0.0,0.0,0.0,0.0,0.0,0.0
167,0.0,0.0,0.0,0.0,0.0,0.56,0.05,0.44,0.0,0.0,0.0,0.0,0.0,0.0,0.0,0.0,0.0,0.0,0.0,0.0,0.05,0.0,0.0,0.0,0.0,0.0,0.0,0.0,0.7400000000000001,0.0,0.0,0.8000000000000002,0.0,0.8000000000000002,0.9500000000000002,0.0,0.0,0.0,0.0,0.0,0.05,0.0,0.39,0.0,0.0,0.05,0.0,0.0,0.2,0.0,0.0,0.0,0.0,0.0
168,0.0,0.0,0.0,0.0,0.17,0.5900000000000001,0.0,0.29000000000000004,0.0,0.07,0.0,0.05,0.05,0.0,0.0,0.0,0.0,0.0,0.0,0.05,0.0,0.0,0.0,0.05,0.0,0.0,0.0,0.0,0.7200000000000002,0.0,0.0,1.0000000000000002,0.0,0.55,1.0000000000000002,0.0,0.0,0.0,0.0,0.0,0.0,0.0,0.29000000000000004,0.0,0.0,0.0,0.0,0.0,0.0,0.0,0.0,0.0,0.0,0.0
169,0.0,0.0,0.0,0.0,0.18999999999999997,0.7000000000000001,0.0,0.21000000000000002,0.0,0.05,0.0,0.0,0.0,0.13999999999999999,0.0,0.02,0.0,0.0,0.0,0.0,0.0,0.0,0.0,0.0,0.0,0.0,0.0,0.0,0.8900000000000002,0.0,0.02,0.8600000000000002,0.0,0.6000000000000001,0.9800000000000002,0.0,0.0,0.0,0.0,0.0,0.0,0.0,0.22999999999999998,0.0,0.0,0.0,0.0,0.0,0.0,0.0,0.0,0.0,0.0,0.0
170,0.08,0.0,0.0,0.0,0.2,0.53,0.1,0.22,0.07,0.05,0.0,0.0,0.0,0.15000000000000002,0.0,0.0,0.0,0.0,0.0,0.0,0.0,0.0,0.0,0.0,0.0,0.0,0.0,0.0,0.9800000000000002,0.0,0.0,0.8000000000000002,0.0,0.26,1.0000000000000002,0.0,0.0,0.0,0.0,0.0,0.1,0.0,0.22,0.0,0.0,0.0,0.0,0.0,0.0,0.0,0.0,0.0,0.07,0.0
171,0.05,0.0,0.0,0.0,0.43000000000000005,0.4600000000000001,0.04,0.24,0.0,0.2,0.0,0.0,0.0,0.43000000000000005,0.0,0.0,0.0,0.0,0.0,0.0,0.0,0.0,0.0,0.0,0.0,0.0,0.0,0.0,0.9800000000000002,0.0,0.07,0.53,0.02,0.13,0.9300000000000002,0.0,0.0,0.0,0.0,0.0,0.04,0.0,0.24,0.0,0.0,0.0,0.0,0.0,0.0,0.0,0.0,0.0,0.0,0.0
172,0.0,0.0,0.05,0.0,0.27999999999999997,0.4200000000000001,0.08,0.22,0.0,0.19,0.0,0.0,0.0,0.21000000000000002,0.0,0.0,0.0,0.08,0.0,0.0,0.05,0.0,0.0,0.0,0.0,0.0,0.0,0.0,1.0000000000000002,0.07,0.13,0.54,0.0,0.39,0.8200000000000002,0.0,0.0,0.0,0.0,0.0,0.08,0.0,0.05,0.0,0.0,0.05,0.0,0.0,0.12,0.0,0.0,0.0,0.0,0.0
173,0.0,0.0,0.0,0.0,0.53,0.31,0.11000000000000001,0.05,0.07,0.4,0.0,0.0,0.05,0.33000000000000007,0.0,0.0,0.0,0.0,0.0,0.0,0.0,0.0,0.0,0.0,0.0,0.0,0.0,0.0,0.8800000000000002,0.0,0.48000000000000004,0.51,0.0,0.66,0.52,0.0,0.0,0.0,0.0,0.0,0.09000000000000001,0.02,0.07,0.0,0.0,0.0,0.0,0.0,0.0,0.0,0.0,0.0,0.07,0.0
174,0.02,0.0,0.0,0.0,0.5900000000000001,0.08,0.25,0.08,0.0,0.35000000000000003,0.0,0.0,0.0,0.33999999999999997,0.0,0.0,0.0,0.0,0.05,0.13,0.07,0.0,0.0,0.13,0.0,0.0,0.0,0.0,0.51,0.0,0.49000000000000005,0.5700000000000001,0.0,0.79,0.46,0.0,0.0,0.0,0.0,0.05,0.2,0.0,0.08,0.0,0.0,0.0,0.0,0.0,0.0,0.0,0.0,0.0,0.0,0.0
175,0.0,0.0,0.0,0.0,0.4900000000000001,0.42,0.07,0.14,0.0,0.22999999999999998,0.0,0.0,0.0,0.26,0.0,0.0,0.0,0.0,0.0,0.0,0.22,0.0,0.0,0.0,0.0,0.0,0.0,0.0,0.4700000000000001,0.08,0.56,0.7200000000000002,0.0,0.8600000000000002,0.44000000000000006,0.0,0.0,0.0,0.0,0.0,0.07,0.0,0.14,0.0,0.0,0.0,0.0,0.0,0.0,0.0,0.0,0.0,0.0,0.0
176,0.0,0.0,0.0,0.0,0.57,0.25,0.09000000000000001,0.11000000000000001,0.0,0.52,0.0,0.0,0.0,0.25,0.0,0.0,0.0,0.05,0.0,0.0,0.21000000000000002,0.0,0.0,0.0,0.0,0.0,0.0,0.0,0.5200000000000001,0.0,0.8300000000000002,0.6000000000000001,0.0,0.7800000000000001,0.17,0.0,0.0,0.0,0.0,0.0,0.09000000000000001,0.0,0.11000000000000001,0.0,0.0,0.0,0.0,0.0,0.0,0.0,0.0,0.0,0.0,0.0
177,0.0,0.0,0.0,0.0,0.4800000000000001,0.33,0.12,0.07,0.0,0.3600000000000001,0.0,0.0,0.0,0.12000000000000001,0.0,0.0,0.0,0.0,0.0,0.0,0.15000000000000002,0.0,0.0,0.0,0.0,0.0,0.0,0.0,0.59,0.0,0.8100000000000002,0.5900000000000001,0.0,0.9200000000000003,0.07,0.0,0.0,0.0,0.0,0.12,0.12,0.0,0.05,0.0,0.0,0.0,0.0,0.0,0.02,0.0,0.0,0.0,0.0,0.0
178,0.0,0.0,0.0,0.0,0.38000000000000006,0.26,0.49,0.04,0.0,0.26999999999999996,0.0,0.0,0.0,0.11000000000000001,0.0,0.0,0.0,0.0,0.0,0.0,0.07,0.0,0.0,0.0,0.0,0.0,0.0,0.0,0.4800000000000001,0.0,0.8800000000000001,0.5800000000000001,0.08,0.8700000000000002,0.07,0.0,0.0,0.0,0.0,0.05,0.52,0.0,0.04,0.0,0.0,0.0,0.0,0.0,0.0,0.0,0.0,0.0,0.0,0.0
179,0.0,0.0,0.0,0.0,0.41000000000000003,0.16999999999999998,0.59,0.0,0.0,0.39,0.0,0.0,0.0,0.02,0.0,0.0,0.0,0.05,0.0,0.0,0.2,0.08,0.0,0.0,0.0,0.0,0.0,0.0,0.8500000000000002,0.0,0.9500000000000002,0.3,0.0,0.5300000000000001,0.05,0.0,0.0,0.0,0.0,0.0,0.59,0.0,0.0,0.0,0.0,0.0,0.0,0.0,0.0,0.0,0.0,0.0,0.0,0.0
180,0.0,0.0,0.0,0.0,0.36,0.26,0.53,0.02,0.0,0.19,0.0,0.0,0.0,0.22,0.0,0.0,0.0,0.0,0.0,0.0,0.18,0.1,0.0,0.0,0.0,0.0,0.0,0.0,0.7800000000000001,0.0,0.9600000000000002,0.3,0.0,0.55,0.02,0.0,0.0,0.0,0.0,0.0,0.53,0.0,0.0,0.0,0.0,0.02,0.0,0.0,0.0,0.0,0.0,0.0,0.0,0.0
181,0.0,0.0,0.0,0.0,0.34,0.33,0.5,0.02,0.0,0.34,0.0,0.0,0.0,0.2,0.0,0.0,0.0,0.02,0.0,0.0,0.29000000000000004,0.0,0.0,0.0,0.0,0.0,0.0,0.0,0.9300000000000002,0.0,0.9300000000000002,0.16000000000000003,0.05,0.48000000000000004,0.07,0.0,0.0,0.0,0.0,0.0,0.5,0.0,0.0,0.0,0.0,0.0,0.0,0.0,0.02,0.0,0.0,0.0,0.0,0.0
182,0.0,0.0,0.0,0.0,0.35,0.29,0.34,0.12,0.0,0.18,0.0,0.0,0.0,0.17,0.0,0.0,0.0,0.0,0.1,0.0,0.19,0.0,0.0,0.0,0.0,0.0,0.0,0.0,0.8100000000000002,0.0,0.6300000000000001,0.26,0.0,0.6700000000000002,0.37,0.0,0.0,0.0,0.0,0.0,0.34,0.0,0.12,0.0,0.0,0.0,0.0,0.0,0.0,0.0,0.0,0.0,0.0,0.0
183,0.0,0.0,0.0,0.0,0.38,0.42000000000000004,0.18,0.26,0.0,0.29,0.0,0.0,0.0,0.14,0.0,0.0,0.0,0.0,0.05,0.05,0.29,0.0,0.0,0.05,0.0,0.0,0.0,0.0,0.6900000000000002,0.0,0.53,0.39000000000000007,0.02,0.8100000000000002,0.4000000000000001,0.0,0.0,0.0,0.0,0.0,0.18,0.0,0.14,0.0,0.0,0.07,0.05,0.0,0.0,0.0,0.0,0.0,0.0,0.0
184,0.0,0.0,0.02,0.0,0.24000000000000005,0.3400000000000001,0.23000000000000004,0.27,0.0,0.14,0.0,0.0,0.0,0.12000000000000001,0.0,0.0,0.0,0.0,0.05,0.0,0.4,0.0,0.0,0.05,0.0,0.0,0.0,0.0,0.8600000000000002,0.08,0.4600000000000001,0.37000000000000005,0.05,0.43,0.29,0.0,0.0,0.0,0.0,0.0,0.23000000000000004,0.0,0.2,0.0,0.0,0.25,0.05,0.0,0.02,0.0,0.0,0.0,0.0,0.0
185,0.0,0.0,0.0,0.0,0.19,0.37,0.18,0.4,0.05,0.17,0.0,0.0,0.0,0.02,0.0,0.0,0.0,0.0,0.0,0.0,0.48000000000000004,0.0,0.0,0.0,0.0,0.0,0.0,0.0,0.9300000000000002,0.0,0.52,0.29000000000000004,0.0,0.5900000000000001,0.22999999999999998,0.0,0.0,0.0,0.0,0.0,0.18,0.0,0.2,0.0,0.0,0.24999999999999997,0.0,0.0,0.0,0.0,0.0,0.0,0.05,0.0
186,0.0,0.0,0.08,0.0,0.27,0.37000000000000005,0.11000000000000001,0.35000000000000003,0.0,0.27,0.0,0.0,0.0,0.05,0.0,0.0,0.0,0.0,0.0,0.0,0.27999999999999997,0.0,0.0,0.0,0.0,0.0,0.0,0.0,0.8800000000000001,0.0,0.44000000000000006,0.5200000000000001,0.0,0.54,0.31,0.0,0.0,0.0,0.0,0.0,0.11000000000000001,0.0,0.1,0.0,0.0,0.30000000000000004,0.0,0.0,0.08,0.0,0.0,0.0,0.0,0.0
187,0.0,0.0,0.0,0.0,0.18,0.36000000000000004,0.1,0.41000000000000003,0.12,0.09,0.0,0.02,0.0,0.07,0.0,0.0,0.0,0.0,0.0,0.0,0.04,0.0,0.0,0.02,0.0,0.0,0.0,0.0,0.9300000000000002,0.0,0.5,0.41000000000000003,0.0,0.5,0.20999999999999996,0.0,0.0,0.0,0.0,0.0,0.1,0.0,0.32,0.0,0.0,0.29,0.0,0.0,0.27,0.0,0.0,0.0,0.12,0.0
188,0.0,0.0,0.05,0.0,0.02,0.47000000000000003,0.09,0.41000000000000003,0.1,0.02,0.0,0.0,0.0,0.0,0.0,0.0,0.0,0.0,0.0,0.0,0.16,0.0,0.0,0.0,0.0,0.0,0.0,0.0,0.9400000000000002,0.0,0.4000000000000001,0.5,0.0,0.6700000000000002,0.37,0.0,0.0,0.0,0.0,0.0,0.09,0.0,0.15,0.0,0.0,0.23,0.0,0.0,0.17,0.0,0.0,0.0,0.1,0.0
189,0.0,0.0,0.0,0.0,0.0,0.49000000000000005,0.22,0.32,0.07,0.0,0.0,0.0,0.0,0.0,0.0,0.0,0.0,0.0,0.0,0.0,0.07,0.0,0.0,0.0,0.0,0.0,0.0,0.0,1.0000000000000002,0.0,0.4,0.5900000000000001,0.0,0.65,0.45000000000000007,0.0,0.0,0.0,0.0,0.0,0.22,0.0,0.2,0.0,0.0,0.15000000000000002,0.0,0.0,0.05,0.0,0.0,0.0,0.07,0.0
190,0.0,0.0,0.0,0.0,0.07,0.6500000000000001,0.09000000000000001,0.31,0.0,0.07,0.0,0.0,0.0,0.0,0.0,0.0,0.0,0.0,0.0,0.0,0.13,0.0,0.0,0.0,0.0,0.0,0.0,0.0,0.7600000000000002,0.0,0.49000000000000005,0.7600000000000002,0.0,0.6500000000000001,0.42000000000000004,0.0,0.0,0.0,0.0,0.0,0.09000000000000001,0.0,0.24,0.0,0.0,0.09000000000000001,0.0,0.0,0.0,0.0,0.0,0.0,0.0,0.0
191,0.0,0.0,0.0,0.0,0.08,0.56,0.02,0.31000000000000005,0.1,0.08,0.0,0.0,0.0,0.0,0.0,0.0,0.0,0.0,0.0,0.0,0.05,0.0,0.0,0.0,0.0,0.0,0.0,0.0,0.8600000000000002,0.0,0.4,0.8800000000000001,0.0,0.47000000000000003,0.5800000000000001,0.0,0.0,0.0,0.0,0.0,0.02,0.0,0.29000000000000004,0.0,0.0,0.02,0.0,0.0,0.0,0.0,0.0,0.0,0.1,0.0
192,0.0,0.0,0.0,0.0,0.12000000000000001,0.63,0.09000000000000001,0.23,0.0,0.12000000000000001,0.0,0.0,0.0,0.0,0.0,0.0,0.0,0.0,0.0,0.0,0.0,0.02,0.0,0.0,0.0,0.0,0.0,0.0,0.8600000000000002,0.0,0.16000000000000003,0.9600000000000002,0.0,0.41000000000000003,0.7200000000000001,0.0,0.0,0.0,0.0,0.07,0.02,0.0,0.21,0.0,0.0,0.05,0.0,0.0,0.02,0.0,0.0,0.0,0.0,0.0
193,0.0,0.0,0.0,0.0,0.12,0.7400000000000001,0.07,0.19,0.0,0.12,0.0,0.0,0.0,0.0,0.0,0.0,0.0,0.0,0.0,0.0,0.0,0.0,0.0,0.0,0.0,0.0,0.0,0.0,0.7600000000000002,0.0,0.08,0.9300000000000002,0.0,0.7900000000000001,0.9200000000000003,0.0,0.0,0.0,0.0,0.0,0.07,0.0,0.19,0.0,0.0,0.0,0.0,0.0,0.0,0.0,0.0,0.0,0.0,0.0
194,0.0,0.0,0.0,0.0,0.18,0.7500000000000001,0.05,0.07,0.0,0.11000000000000001,0.0,0.0,0.0,0.07,0.0,0.0,0.0,0.0,0.0,0.0,0.2,0.0,0.0,0.0,0.0,0.0,0.0,0.0,0.67,0.05,0.2,0.9300000000000002,0.0,0.9300000000000002,0.8000000000000002,0.0,0.0,0.0,0.0,0.0,0.05,0.0,0.07,0.0,0.0,0.0,0.0,0.0,0.0,0.0,0.0,0.0,0.0,0.0
195,0.0,0.0,0.0,0.0,0.29000000000000004,0.66,0.15000000000000002,0.0,0.0,0.27,0.0,0.0,0.0,0.02,0.0,0.0,0.0,0.0,0.0,0.0,0.05,0.0,0.0,0.0,0.0,0.0,0.0,0.0,0.8600000000000002,0.0,0.11000000000000001,0.9300000000000002,0.0,0.7800000000000001,0.7900000000000001,0.0,0.0,0.0,0.0,0.1,0.05,0.0,0.0,0.0,0.0,0.0,0.0,0.0,0.0,0.0,0.0,0.0,0.0,0.0
196,0.0,0.0,0.0,0.0,0.39,0.56,0.05,0.0,0.0,0.39,0.0,0.0,0.0,0.0,0.0,0.0,0.0,0.0,0.0,0.0,0.0,0.0,0.0,0.0,0.0,0.0,0.0,0.0,0.8600000000000001,0.0,0.07,1.0000000000000002,0.0,0.8300000000000001,0.9300000000000002,0.0,0.0,0.0,0.0,0.0,0.05,0.0,0.0,0.0,0.0,0.0,0.0,0.0,0.0,0.0,0.0,0.0,0.0,0.0
197,0.0,0.0,0.0,0.0,0.32,0.5800000000000001,0.1,0.05,0.0,0.15,0.0,0.0,0.0,0.16999999999999998,0.0,0.0,0.0,0.0,0.0,0.0,0.0,0.0,0.0,0.0,0.0,0.0,0.0,0.0,0.8400000000000001,0.0,0.0,0.8800000000000002,0.0,1.0000000000000002,1.0000000000000002,0.0,0.0,0.0,0.0,0.0,0.1,0.0,0.0,0.0,0.0,0.0,0.0,0.0,0.05,0.0,0.0,0.0,0.0,0.0
198,0.0,0.0,0.0,0.0,0.17,0.58,0.2,0.05,0.05,0.17,0.0,0.0,0.0,0.0,0.0,0.0,0.0,0.0,0.0,0.0,0.0,0.0,0.0,0.0,0.0,0.0,0.0,0.0,0.63,0.0,0.0,0.9000000000000001,0.0,1.0000000000000002,1.0000000000000002,0.0,0.0,0.0,0.0,0.0,0.2,0.0,0.0,0.0,0.0,0.0,0.0,0.0,0.05,0.0,0.0,0.0,0.05,0.0
199,0.0,0.0,0.0,0.0,0.28,0.6300000000000001,0.21000000000000002,0.08,0.0,0.19,0.0,0.0,0.0,0.09000000000000001,0.0,0.0,0.0,0.0,0.0,0.0,0.0,0.0,0.0,0.0,0.0,0.0,0.0,0.0,0.6800000000000002,0.0,0.0,0.7200000000000002,0.08,1.0000000000000002,1.0000000000000002,0.0,0.0,0.0,0.0,0.0,0.29000000000000004,0.0,0.08,0.0,0.0,0.0,0.0,0.0,0.0,0.0,0.0,0.0,0.0,0.0
200,0.0,0.0,0.0,0.0,0.35,0.49000000000000005,0.28,0.02,0.0,0.3,0.0,0.0,0.05,0.2,0.0,0.0,0.0,0.0,0.0,0.0,0.0,0.0,0.0,0.0,0.0,0.0,0.0,0.0,0.8400000000000002,0.02,0.07,0.5700000000000001,0.02,0.8000000000000002,0.9300000000000002,0.0,0.0,0.0,0.0,0.0,0.28,0.0,0.02,0.0,0.0,0.0,0.0,0.0,0.0,0.0,0.0,0.0,0.0,0.0
